{"stats":{"minecraft:dropped":{"biomeswevegone:white_puffball_spores":6,"iceandfire:raw_silver":2,"minecraft:birch_planks":43,"minecraft:lapis_lazuli":20,"biomeswevegone:blue_enchanted_log":3,"minecraft:golden_pickaxe":5,"minecraft:glass_bottle":1,"minecraft:diamond":1,"minecraft:crafting_table":3,"minecraft:cooked_porkchop":7,"minecraft:glow_berries":4,"iceandfire:fire_dragon_flesh":32,"minecraft:leather":3,"travelersbackpack:iron_tier_upgrade":1,"travelersbackpack:standard":4,"minecraft:dirt":11,"minecraft:jungle_sapling":1,"minecraft:gold_nugget":16,"minecraft:sunflower":4,"iceandfire:ash":4,"minecraft:sand":6,"minecraft:iron_pickaxe":8,"sereneseasons:calendar":2,"minecraft:bone":66,"minecraft:gold_ingot":77,"minecraft:gravel":15,"alexsmobs:gazelle_horn":2,"minecraft:cobbled_deepslate":3,"minecraft:birch_sapling":2,"minecraft:rotten_flesh":11,"minecraft:oak_planks":9,"travelersbackpack:bat":1,"minecraft:cooked_mutton":10,"iceandfire:shiny_scales":12,"supplementaries:flax_seeds":7,"minecraft:gunpowder":1,"minecraft:azalea":2,"iceandfire:crackled_cobblestone":5,"minecraft:arrow":2,"alexsmobs:banana":1,"minecraft:netherrack":65,"minecraft:iron_ingot":7,"biomeswevegone:water_silk":4,"minecraft:wheat_seeds":37,"minecraft:diamond_leggings":2,"minecraft:prismarine_shard":5,"minecraft:lead":1,"minecraft:iron_helmet":1,"minecraft:cobblestone":593,"minecraft:prismarine_crystals":3,"wardrobe:jungle_boots":1,"minecraft:granite":49,"minecraft:copper_ingot":15,"minecraft:tropical_fish":2,"minecraft:coal":1,"minecraft:stick":8,"tombstone:dust_of_vanishing":1,"minecraft:diorite":23,"tombstone:magic_scroll":1,"minecraft:ink_sac":4,"iceandfire:copper_nugget":243,"minecraft:torch":26,"minecraft:iron_leggings":1,"minecraft:stripped_birch_log":12,"minecraft:flowering_azalea":2,"iceandfire:cannoli":1,"minecraft:lily_pad":1,"minecraft:redstone":29,"minecraft:moss_carpet":7,"minecraft:raw_copper":453,"minecraft:tuff":16,"minecraft:raw_iron":4,"minecraft:clay_ball":34,"minecraft:iron_boots":1,"minecraft:pumpkin_seeds":1,"biomeswevegone:yellow_birch_sapling":6,"minecraft:diamond_sword":1,"minecraft:diamond_chestplate":1,"biomeswevegone:clover_patch":2,"minecraft:bundle":6,"minecraft:iron_chestplate":2,"minecraft:andesite":25,"minecraft:mossy_stone_bricks":2,"minecraft:oak_sapling":37,"biomeswevegone:bistort":1,"minecraft:stone_bricks":4,"minecraft:bamboo":926,"minecraft:diamond_boots":1,"minecraft:slime_ball":16,"minecraft:stone_pickaxe":1,"minecraft:bow":3,"biomeswevegone:weeping_milkcap":1,"minecraft:raw_gold":1,"iceandfire:crackled_stone":14},"minecraft:killed_by":{"minecraft:creeper":1,"iceandfire:siren":5,"iceandfire:sea_serpent":3,"minecraft:cave_spider":1,"minecraft:zombie":3,"iceandfire:fire_dragon":57,"minecraft:skeleton":1,"iceandfire:lightning_dragon":59},"minecraft:picked_up":{"sereneseasons:calendar":1,"minecraft:iron_chestplate":2,"travelersbackpack:bat":6,"minecraft:prismarine_shard":2,"minecraft:lead":3,"minecraft:diamond_sword":1,"minecraft:potion":2,"minecraft:enchanted_book":1,"iceandfire:myrmex_jungle_chitin":1,"minecraft:nether_brick":8,"alexsmobs:gazelle_horn":3,"iceandfire:manuscript":27,"minecraft:string":19,"minecraft:raw_copper":423,"minecraft:iron_leggings":3,"iceandfire:sea_serpent_scales_bronze":4,"alexsmobs:dropbear_claw":2,"minecraft:diamond_leggings":5,"minecraft:cobbled_deepslate":292,"minecraft:gold_nugget":2178,"alexsmobs:banana":2,"minecraft:cobblestone_slab":2,"minecraft:azalea":2,"minecraft:iron_pickaxe":2,"biomeswevegone:purple_sage":1,"minecraft:iron_boots":2,"minecraft:furnace":6,"minecraft:blue_wool":6,"minecraft:stick":57,"minecraft:torch":139,"travelersbackpack:iron_tier_upgrade":2,"minecraft:porkchop":13,"tombstone:grave_dust":15,"minecraft:diorite":28,"biomeswevegone:water_silk":4,"biomeswevegone:weeping_milkcap":1,"minecraft:quartz_block":31,"minecraft:stone_sword":1,"minecraft:light_gray_bed":6,"minecraft:rotten_flesh":57,"minecraft:tropical_fish":2,"supplementaries:antique_ink":4,"iceandfire:fire_dragon_heart":2,"wardrobe:jungle_boots":1,"supplementaries:ash":57,"biomeswevegone:blue_enchanted_planks":9,"minecraft:obsidian":15,"minecraft:snowball":4,"minecraft:cobblestone":866,"minecraft:birch_log":36,"biomeswevegone:lush_dirt":6,"minecraft:feather":1,"minecraft:cooked_beef":20,"minecraft:repeater":1,"minecraft:andesite":53,"minecraft:jungle_log":34,"minecraft:potato":1,"minecraft:flint":6,"minecraft:tuff":23,"minecraft:warped_trapdoor":3,"supplementaries:flax_seeds":4,"travelersbackpack:gold_tier_upgrade":1,"minecraft:lapis_lazuli":35,"minecraft:stripped_birch_log":21,"minecraft:dirt":35,"biomeswevegone:overgrown_stone":1,"biomeswevegone:flowering_tiny_lily_pads":7,"minecraft:bone":31,"iceandfire:myrmex_jungle_resin":1,"minecraft:bow":3,"minecraft:wheat_seeds":27,"minecraft:raw_gold":14,"biomeswevegone:white_anemone":2,"minecraft:mossy_stone_bricks":4,"minecraft:diamond_helmet":2,"minecraft:glowstone_dust":61,"minecraft:bamboo":627,"minecraft:oak_planks":13,"minecraft:ghast_tear":3,"biomeswevegone:flower_patch":1,"minecraft:cooked_porkchop":28,"biomeswevegone:rocky_stone":6,"minecraft:warped_wart_block":4,"iceandfire:dragon_skull_fire":2,"iceandfire:shiny_scales":11,"minecraft:sand":28,"minecraft:ink_sac":4,"minecraft:spectral_arrow":22,"minecraft:mossy_cobblestone":2,"minecraft:bundle":9,"minecraft:diamond":29,"iceandfire:fire_dragon_blood":1,"iceandfire:crackled_stone":13,"minecraft:granite":49,"biomeswevegone:blue_enchanted_boat":2,"minecraft:emerald":36,"minecraft:oak_sapling":34,"minecraft:netherrack":2432,"iceandfire:raw_silver":2,"minecraft:coarse_dirt":1,"minecraft:crafting_table":23,"minecraft:ladder":5,"minecraft:clay_ball":26,"minecraft:golden_pickaxe":3,"minecraft:brown_mushroom":4,"biomeswevegone:tall_white_allium":1,"minecraft:moss_carpet":7,"minecraft:birch_fence":18,"minecraft:blackstone":32,"minecraft:jungle_sapling":2,"minecraft:iron_nugget":33,"minecraft:chest":7,"minecraft:sugar_cane":26,"alexsmobs:cooked_lobster_tail":35,"minecraft:birch_sapling":13,"alekiships:cleat":6,"minecraft:egg":6,"iceandfire:dragonbone":23,"minecraft:raw_iron":123,"minecraft:sandstone":11,"iceandfire:dragonscales_gray":17,"iceandfire:dragonscales_green":15,"minecraft:fire_charge":1,"minecraft:redstone":77,"minecraft:prismarine_crystals":3,"biomeswevegone:blue_enchanted_sapling":1,"minecraft:arrow":17,"minecraft:diamond_chestplate":5,"biomeswevegone:bistort":1,"minecraft:diamond_boots":2,"minecraft:gold_ingot":139,"minecraft:glow_berries":4,"minecraft:mutton":9,"minecraft:skeleton_skull":1,"minecraft:white_wool":34,"biomeswevegone:white_puffball_spores":2,"minecraft:stripped_oak_log":3,"minecraft:basalt":153,"iceandfire:sea_serpent_fang":5,"minecraft:leather":24,"minecraft:blackstone_slab":7,"minecraft:birch_planks":55,"biomeswevegone:oddion_bulb":2,"biomeswevegone:tall_pink_allium":1,"minecraft:oak_log":23,"minecraft:lily_pad":1,"minecraft:gunpowder":7,"minecraft:blue_bed":3,"biomeswevegone:clover_patch":2,"minecraft:cooked_mutton":40,"minecraft:apple":2,"minecraft:stone_bricks":5,"iceandfire:cannoli":1,"minecraft:warped_stem":18,"minecraft:iron_ingot":17,"minecraft:stone_pickaxe":2,"minecraft:cooked_chicken":2,"tombstone:bag_of_seeds":1,"biomeswevegone:white_puffball_cap":1,"iceandfire:fire_dragon_flesh":41,"minecraft:flowering_azalea":3,"minecraft:soul_sand":31,"iceandfire:crackled_cobblestone":10,"minecraft:scaffolding":9,"iceandfire:chared_stone":3,"iceandfire:copper_nugget":276,"minecraft:smooth_basalt":7,"iceandfire:ash":4,"minecraft:quartz":189,"minecraft:gravel":42,"minecraft:white_bed":7,"minecraft:spider_eye":3,"travelersbackpack:standard":12,"minecraft:purple_bed":4,"minecraft:slime_ball":8,"alekiships:watercraft_frame_angled":7,"minecraft:stone_axe":1,"minecraft:iron_helmet":3,"biomeswevegone:blue_enchanted_log":3,"biomeswevegone:tiny_lily_pads":2,"biomeswevegone:blueberries":57,"tombstone:magic_scroll":1,"minecraft:hopper":1,"minecraft:coal":127,"minecraft:sunflower":8,"biomeswevegone:yellow_birch_sapling":6,"minecraft:ender_pearl":4},"minecraft:broken":{"minecraft:iron_boots":2,"minecraft:stone_pickaxe":1,"minecraft:stone_axe":1,"minecraft:stone_sword":1,"minecraft:flint_and_steel":1,"minecraft:iron_pickaxe":9,"minecraft:golden_pickaxe":33},"minecraft:killed":{"minecraft:cave_spider":1,"alexsmobs:lobster":19,"minecraft:witch":1,"minecraft:spider":3,"biomeswevegone:oddion":1,"minecraft:skeleton":21,"alexsmobs:skelewag":1,"minecraft:skeleton_horse":1,"minecraft:magma_cube":3,"minecraft:piglin":1,"minecraft:pig":14,"minecraft:creeper":3,"minecraft:sheep":29,"minecraft:trader_llama":1,"minecraft:pillager":1,"minecraft:zombie":43,"minecraft:ghast":2,"iceandfire:lightning_dragon":2,"iceandfire:sea_serpent":1,"minecraft:cow":7,"minecraft:vex":1,"iceandfire:fire_dragon":3,"iceandfire:siren":1,"minecraft:drowned":1,"alexsmobs:gazelle":1,"minecraft:enderman":3},"minecraft:custom":{"lootr:looted_stat":41,"minecraft:interact_with_crafting_table":86,"minecraft:leave_game":24,"minecraft:time_since_death":197963,"minecraft:sprint_one_cm":1745773,"minecraft:drop":459,"minecraft:play_time":999266,"minecraft:deaths":135,"minecraft:jump":16990,"minecraft:walk_on_water_one_cm":277554,"minecraft:interact_with_furnace":47,"minecraft:sleep_in_bed":24,"tombstone:sneak_grave":71,"minecraft:damage_dealt":38832,"minecraft:crouch_one_cm":104948,"tombstone:undead_killed":67,"minecraft:interact_with_smithing_table":11,"minecraft:interact_with_anvil":1,"minecraft:mob_kills":174,"minecraft:inspect_hopper":2,"tombstone:use_vanishing":2,"minecraft:climb_one_cm":68282,"minecraft:walk_one_cm":1483592,"minecraft:sneak_time":37868,"minecraft:walk_under_water_one_cm":171439,"minecraft:boat_one_cm":449515,"minecraft:total_world_time":999266,"tombstone:raider_killed":2,"minecraft:time_since_rest":165869,"minecraft:damage_taken":42401,"minecraft:damage_absorbed":80,"tombstone:cast_on_ally":1,"minecraft:swim_one_cm":656418,"minecraft:fly_one_cm":3379190,"minecraft:open_chest":72,"minecraft:fall_one_cm":353002},"minecraft:used":{"biomeswevegone:blue_enchanted_planks":2,"minecraft:ladder":11,"minecraft:poppy":1,"biomeswevegone:blueberries":73,"minecraft:chest":10,"minecraft:iron_sword":245,"minecraft:rotten_flesh":29,"biomeswevegone:blue_enchanted_boat":2,"minecraft:soul_campfire":1,"minecraft:mutton":1,"minecraft:tuff":7,"minecraft:obsidian":15,"minecraft:birch_sapling":11,"minecraft:quartz_block":35,"biomeswevegone:tall_white_allium":1,"alekiships:watercraft_frame_angled":8,"minecraft:stone_bricks":1,"minecraft:repeater":2,"iceandfire:chared_stone":3,"minecraft:scaffolding":9,"minecraft:oak_sapling":2,"minecraft:cooked_cod":4,"minecraft:furnace":7,"alekiships:cleat":9,"minecraft:egg":6,"minecraft:potato":1,"minecraft:golden_boots":1,"minecraft:mossy_stone_bricks":2,"minecraft:diorite":5,"minecraft:diamond_boots":2,"minecraft:oak_planks":41,"minecraft:stone_pickaxe":138,"wardrobe:jungle_boots":1,"minecraft:blackstone":26,"minecraft:sandstone":11,"minecraft:sugar_cane":5,"biomeswevegone:white_anemone":3,"minecraft:blue_bed":6,"minecraft:white_wool":2,"minecraft:golden_apple":3,"minecraft:sand":15,"travelersbackpack:quartz":1,"tombstone:dust_of_vanishing":1,"minecraft:redstone_torch":1,"minecraft:string":2,"minecraft:bread":2,"tombstone:grave_key":11,"minecraft:gravel":26,"minecraft:blackstone_slab":16,"minecraft:diamond_sword":445,"minecraft:fire_charge":1,"minecraft:andesite":28,"minecraft:birch_log":21,"minecraft:coarse_dirt":1,"biomeswevegone:rocky_stone":6,"minecraft:bone_meal":15,"minecraft:golden_pickaxe":1058,"minecraft:experience_bottle":4,"minecraft:stone_sword":197,"minecraft:flint_and_steel":84,"biomeswevegone:clover_patch":1,"minecraft:redstone":3,"minecraft:cooked_salmon":4,"biomeswevegone:white_puffball_cap":1,"travelersbackpack:bat":24,"minecraft:cooked_chicken":2,"minecraft:netherrack":1605,"minecraft:torch":297,"minecraft:dirt":27,"minecraft:hopper":10,"minecraft:diamond_helmet":1,"tombstone:ankh_of_pray":1,"minecraft:flowering_azalea":1,"minecraft:iron_axe":38,"minecraft:light_weighted_pressure_plate":1,"biomeswevegone:purple_sage":1,"minecraft:bamboo":2,"minecraft:diamond_chestplate":1,"minecraft:basalt":112,"biomeswevegone:lush_dirt":6,"tombstone:gift":10,"alexsmobs:banana":1,"minecraft:cooked_beef":20,"minecraft:cobbled_deepslate":69,"minecraft:light_gray_bed":7,"minecraft:cooked_mutton":35,"biomeswevegone:tall_pink_allium":1,"minecraft:birch_boat":1,"minecraft:mossy_cobblestone":2,"minecraft:comparator":1,"minecraft:crafting_table":23,"minecraft:oak_slab":4,"minecraft:spider_eye":2,"minecraft:white_bed":9,"biomeswevegone:overgrown_stone":1,"tombstone:bag_of_seeds":1,"minecraft:oak_log":1,"minecraft:apple":2,"minecraft:warped_trapdoor":13,"minecraft:sunflower":6,"minecraft:iron_pickaxe":2717,"biomeswevegone:flower_patch":1,"minecraft:purple_bed":5,"minecraft:stone_axe":125,"travelersbackpack:standard":29,"minecraft:cobblestone":145,"minecraft:potion":1,"iceandfire:crackled_cobblestone":9,"minecraft:porkchop":3,"minecraft:cooked_porkchop":28,"biomeswevegone:blue_enchanted_sapling":1,"minecraft:diamond_leggings":2},"minecraft:crafted":{"minecraft:oak_planks":100,"travelersbackpack:crafting_upgrade":1,"alekiships:anchor":1,"minecraft:birch_boat":1,"minecraft:stone":8,"travelersbackpack:bat":4,"minecraft:cooked_mutton":7,"minecraft:warped_planks":72,"minecraft:quartz_block":30,"minecraft:glass":12,"minecraft:hopper":10,"minecraft:repeater":1,"tombstone:grave_key":9,"minecraft:comparator":1,"minecraft:chest":17,"minecraft:oak_fence":18,"minecraft:golden_boots":1,"minecraft:glass_bottle":3,"minecraft:oak_slab":6,"minecraft:soul_campfire":1,"minecraft:cooked_porkchop":10,"minecraft:crafting_table":4,"travelersbackpack:standard":2,"minecraft:golden_pickaxe":35,"minecraft:clock":1,"minecraft:copper_ingot":15,"minecraft:gold_block":38,"minecraft:birch_planks":60,"travelersbackpack:quartz":1,"minecraft:paper":21,"minecraft:stick":184,"minecraft:iron_ingot":237,"minecraft:iron_pickaxe":15,"minecraft:iron_block":21,"minecraft:stone_sword":1,"sereneseasons:calendar":1,"minecraft:gold_ingot":379,"minecraft:redstone_torch":6,"minecraft:coal":117,"minecraft:iron_nugget":342,"alekiships:oar":2,"minecraft:furnace":3,"minecraft:bone_meal":15,"travelersbackpack:blank_upgrade":4,"minecraft:warped_trapdoor":8,"minecraft:flint_and_steel":1,"minecraft:leather":17,"minecraft:iron_axe":1,"minecraft:ladder":6,"travelersbackpack:diamond_tier_upgrade":2,"minecraft:coal_block":21,"travelersbackpack:backpack_tank":2,"minecraft:blue_bed":2,"tombstone:ankh_of_pray":1,"minecraft:jungle_planks":144,"minecraft:air":0,"minecraft:white_bed":2,"minecraft:torch":180,"minecraft:blackstone_slab":12},"minecraft:mined":{"biomeswevegone:lush_dirt":4,"minecraft:white_bed":7,"iceandfire:copper_pile":2,"minecraft:jungle_leaves":2,"biomeswevegone:lush_grass_block":1,"biomeswevegone:rainbow_eucalyptus_leaves":22,"minecraft:granite":39,"minecraft:grass_block":7,"minecraft:light_gray_bed":7,"minecraft:blue_wool":6,"minecraft:hopper":1,"iceandfire:crackled_cobblestone":3,"minecraft:tall_seagrass":1,"minecraft:glowstone":21,"minecraft:iron_ore":15,"minecraft:cobbled_deepslate":6,"minecraft:fire":193,"minecraft:deepslate_lapis_ore":1,"iceandfire:gold_pile":158,"minecraft:deepslate_redstone_ore":1,"minecraft:quartz_block":31,"minecraft:blackstone":16,"minecraft:kelp_plant":5,"minecraft:clay":3,"minecraft:torch":19,"biomeswevegone:tall_prairie_grass":2,"minecraft:chest":6,"biomeswevegone:clover_patch":1,"minecraft:nether_quartz_ore":14,"minecraft:cobblestone":26,"minecraft:oak_planks":3,"minecraft:sugar_cane":7,"minecraft:wall_torch":16,"minecraft:deepslate_copper_ore":2,"minecraft:seagrass":1,"minecraft:repeater":1,"iceandfire:crackled_stone":2,"minecraft:birch_log":41,"minecraft:grass":46,"minecraft:oak_log":22,"minecraft:sand":24,"minecraft:dirt":15,"minecraft:smooth_basalt":4,"minecraft:netherrack":2348,"minecraft:deepslate":281,"iceandfire:chared_stone":3,"biomeswevegone:white_anemone":1,"minecraft:nether_gold_ore":36,"minecraft:diamond_ore":3,"minecraft:tuff":23,"minecraft:mossy_cobblestone":1,"alekiships:wood/watercraft_frame/flat/birch":1,"minecraft:deepslate_diamond_ore":8,"minecraft:stripped_birch_log":21,"minecraft:ladder":5,"minecraft:glow_lichen":1,"biomeswevegone:blue_enchanted_planks":2,"minecraft:kelp":3,"minecraft:red_mushroom":1,"minecraft:sandstone":15,"travelersbackpack:bat":5,"minecraft:redstone_ore":1,"minecraft:furnace":6,"minecraft:andesite":59,"alekiships:cleat":4,"minecraft:cobblestone_slab":2,"minecraft:deepslate_iron_ore":14,"minecraft:vine":5,"minecraft:warped_stem":18,"minecraft:stripped_oak_log":3,"biomeswevegone:rocky_stone":6,"minecraft:warped_trapdoor":5,"minecraft:bamboo":30,"minecraft:stone":496,"minecraft:white_wool":1,"minecraft:scaffolding":7,"biomeswevegone:overgrown_stone":1,"minecraft:basalt":152,"travelersbackpack:standard":12,"minecraft:crafting_table":21,"minecraft:blackstone_slab":7,"minecraft:emerald_ore":4,"biomeswevegone:tall_pink_allium":1,"minecraft:copper_ore":5,"minecraft:tall_grass":2,"minecraft:deepslate_coal_ore":3,"minecraft:deepslate_gold_ore":1,"minecraft:diorite":43,"minecraft:blue_bed":3,"minecraft:warped_wart_block":4,"supplementaries:urn":24,"minecraft:purple_bed":4,"minecraft:coarse_dirt":1,"biomeswevegone:tall_white_allium":1,"alekiships:wood/watercraft_frame/angled/oak":1,"alekiships:wood/watercraft_frame/angled/birch":6,"minecraft:coal_ore":9,"minecraft:gravel":30,"biomeswevegone:flower_patch":1,"minecraft:sunflower":2,"minecraft:dripstone_block":5,"minecraft:cobweb":1,"biomeswevegone:purple_sage":1,"minecraft:stone_bricks":1,"minecraft:mossy_stone_bricks":1,"minecraft:gold_ore":2,"minecraft:fern":2}},"DataVersion":3465}