{"stats":{"minecraft:picked_up":{"minecraft:crafting_table":5,"minecraft:coarse_dirt":1,"travelersbackpack:bat":1,"minecraft:clay_ball":14,"minecraft:prismarine_shard":2,"minecraft:lead":1,"biomeswevegone:tall_white_allium":1,"minecraft:string":1,"minecraft:moss_carpet":1,"minecraft:raw_copper":4,"minecraft:birch_fence":18,"minecraft:cobbled_deepslate":228,"minecraft:cobblestone_slab":2,"biomeswevegone:purple_sage":1,"minecraft:sugar_cane":26,"minecraft:birch_sapling":13,"alekiships:cleat":6,"minecraft:egg":5,"minecraft:furnace":2,"minecraft:blue_wool":6,"minecraft:raw_iron":111,"minecraft:sandstone":11,"minecraft:stick":22,"iceandfire:dragonscales_gray":17,"iceandfire:dragonbone":9,"minecraft:torch":33,"tombstone:grave_dust":5,"minecraft:diorite":4,"minecraft:redstone":48,"minecraft:prismarine_crystals":3,"biomeswevegone:blue_enchanted_sapling":1,"biomeswevegone:water_silk":4,"biomeswevegone:weeping_milkcap":1,"minecraft:rotten_flesh":17,"minecraft:stone_sword":1,"minecraft:arrow":3,"biomeswevegone:bistort":1,"iceandfire:fire_dragon_heart":1,"minecraft:gold_ingot":4,"biomeswevegone:blue_enchanted_planks":9,"supplementaries:ash":19,"minecraft:mutton":7,"biomeswevegone:white_puffball_spores":2,"minecraft:white_wool":33,"minecraft:cobblestone":89,"minecraft:stripped_oak_log":3,"minecraft:birch_log":36,"biomeswevegone:lush_dirt":6,"minecraft:feather":1,"minecraft:cooked_beef":3,"minecraft:andesite":7,"minecraft:leather":2,"minecraft:birch_planks":55,"biomeswevegone:tall_pink_allium":1,"minecraft:tuff":23,"minecraft:oak_log":22,"minecraft:lily_pad":1,"supplementaries:flax_seeds":2,"minecraft:lapis_lazuli":15,"minecraft:gunpowder":1,"minecraft:stripped_birch_log":21,"minecraft:blue_bed":3,"minecraft:dirt":2,"biomeswevegone:clover_patch":2,"biomeswevegone:flowering_tiny_lily_pads":7,"biomeswevegone:overgrown_stone":1,"minecraft:cooked_mutton":40,"minecraft:bone":5,"minecraft:apple":1,"minecraft:stone_bricks":1,"minecraft:wheat_seeds":5,"minecraft:raw_gold":8,"biomeswevegone:white_anemone":2,"minecraft:stone_pickaxe":2,"minecraft:iron_ingot":1,"minecraft:cooked_chicken":2,"tombstone:bag_of_seeds":1,"minecraft:mossy_stone_bricks":2,"minecraft:flowering_azalea":1,"minecraft:bamboo":2,"biomeswevegone:white_puffball_cap":1,"minecraft:oak_planks":3,"iceandfire:fire_dragon_flesh":3,"minecraft:scaffolding":9,"biomeswevegone:rocky_stone":6,"minecraft:cooked_porkchop":3,"minecraft:gravel":12,"iceandfire:dragon_skull_fire":1,"iceandfire:shiny_scales":11,"minecraft:sand":14,"minecraft:ink_sac":4,"minecraft:white_bed":3,"minecraft:mossy_cobblestone":2,"travelersbackpack:standard":9,"minecraft:diamond":9,"alekiships:watercraft_frame_angled":7,"minecraft:stone_axe":1,"biomeswevegone:blue_enchanted_boat":2,"biomeswevegone:blue_enchanted_log":3,"minecraft:emerald":25,"biomeswevegone:tiny_lily_pads":2,"biomeswevegone:blueberries":57,"minecraft:oak_sapling":15,"minecraft:coal":94,"biomeswevegone:yellow_birch_sapling":6,"minecraft:sunflower":8},"minecraft:killed_by":{"iceandfire:siren":4,"iceandfire:sea_serpent":1,"minecraft:cave_spider":1,"minecraft:zombie":1,"iceandfire:fire_dragon":30},"minecraft:broken":{"minecraft:stone_sword":1,"minecraft:stone_pickaxe":1,"minecraft:stone_axe":1,"minecraft:iron_pickaxe":1},"minecraft:dropped":{"biomeswevegone:white_puffball_spores":2,"minecraft:birch_planks":43,"minecraft:wheat_seeds":3,"biomeswevegone:water_silk":4,"biomeswevegone:blue_enchanted_log":3,"minecraft:crafting_table":1,"minecraft:prismarine_shard":5,"minecraft:prismarine_crystals":3,"travelersbackpack:standard":4,"minecraft:torch":1,"minecraft:stripped_birch_log":12,"minecraft:sunflower":4,"minecraft:sand":6,"minecraft:iron_pickaxe":1,"minecraft:lily_pad":1,"minecraft:moss_carpet":1,"minecraft:birch_sapling":2,"minecraft:cooked_mutton":10,"iceandfire:shiny_scales":12,"biomeswevegone:yellow_birch_sapling":6,"supplementaries:flax_seeds":2,"biomeswevegone:clover_patch":2,"minecraft:andesite":7,"biomeswevegone:bistort":1,"minecraft:stone_pickaxe":1,"biomeswevegone:weeping_milkcap":1},"minecraft:custom":{"lootr:looted_stat":4,"minecraft:mob_kills":54,"minecraft:interact_with_crafting_table":23,"minecraft:leave_game":7,"minecraft:time_since_death":150870,"minecraft:climb_one_cm":37241,"minecraft:sprint_one_cm":584432,"minecraft:walk_one_cm":363635,"minecraft:drop":58,"minecraft:play_time":288325,"minecraft:deaths":37,"minecraft:sneak_time":8836,"minecraft:walk_under_water_one_cm":45510,"minecraft:boat_one_cm":449515,"minecraft:jump":4547,"minecraft:walk_on_water_one_cm":115491,"minecraft:total_world_time":288325,"minecraft:interact_with_furnace":14,"tombstone:raider_killed":1,"minecraft:sleep_in_bed":16,"minecraft:time_since_rest":11805,"minecraft:damage_taken":11260,"tombstone:sneak_grave":23,"minecraft:damage_dealt":6789,"minecraft:swim_one_cm":292094,"minecraft:fly_one_cm":1032931,"minecraft:crouch_one_cm":20557,"tombstone:undead_killed":13,"minecraft:fall_one_cm":94263},"minecraft:killed":{"minecraft:cave_spider":1,"minecraft:spider":1,"minecraft:skeleton":3,"iceandfire:fire_dragon":1,"iceandfire:siren":1,"minecraft:creeper":1,"minecraft:sheep":29,"minecraft:pillager":1,"minecraft:zombie":10,"minecraft:cow":2},"minecraft:used":{"biomeswevegone:clover_patch":1,"minecraft:stone_sword":176,"biomeswevegone:blue_enchanted_planks":2,"minecraft:flint_and_steel":48,"biomeswevegone:blueberries":27,"minecraft:cooked_chicken":2,"travelersbackpack:bat":4,"biomeswevegone:blue_enchanted_boat":2,"minecraft:torch":41,"minecraft:dirt":2,"minecraft:tuff":7,"minecraft:flowering_azalea":1,"minecraft:light_weighted_pressure_plate":1,"minecraft:birch_sapling":11,"biomeswevegone:tall_white_allium":1,"alekiships:watercraft_frame_angled":8,"minecraft:stone_bricks":1,"biomeswevegone:purple_sage":1,"minecraft:bamboo":2,"minecraft:scaffolding":9,"minecraft:furnace":3,"biomeswevegone:lush_dirt":6,"alekiships:cleat":9,"tombstone:gift":5,"minecraft:egg":5,"minecraft:cooked_beef":3,"minecraft:cobbled_deepslate":4,"minecraft:cooked_mutton":24,"minecraft:mossy_stone_bricks":2,"minecraft:diorite":4,"biomeswevegone:tall_pink_allium":1,"minecraft:stone_pickaxe":138,"minecraft:oak_planks":3,"minecraft:birch_boat":1,"minecraft:sugar_cane":5,"minecraft:sandstone":11,"minecraft:blue_bed":6,"biomeswevegone:white_anemone":3,"minecraft:white_wool":1,"minecraft:mossy_cobblestone":2,"minecraft:sand":13,"minecraft:oak_slab":4,"minecraft:crafting_table":8,"minecraft:white_bed":6,"biomeswevegone:overgrown_stone":1,"tombstone:bag_of_seeds":1,"minecraft:sunflower":6,"minecraft:string":1,"minecraft:iron_pickaxe":337,"minecraft:gravel":7,"minecraft:stone_axe":125,"minecraft:cobblestone":3,"travelersbackpack:standard":16,"minecraft:cooked_porkchop":3,"minecraft:birch_log":21,"biomeswevegone:blue_enchanted_sapling":1,"minecraft:coarse_dirt":1,"minecraft:bone_meal":15,"biomeswevegone:rocky_stone":6},"minecraft:crafted":{"minecraft:oak_planks":100,"minecraft:birch_boat":1,"alekiships:oar":2,"minecraft:furnace":2,"minecraft:bone_meal":15,"minecraft:cooked_mutton":7,"minecraft:oak_fence":18,"minecraft:oak_slab":6,"minecraft:crafting_table":3,"travelersbackpack:standard":2,"minecraft:blue_bed":2,"minecraft:clock":1,"minecraft:birch_planks":44,"minecraft:air":0,"minecraft:paper":21,"minecraft:stick":4,"minecraft:iron_ingot":50,"minecraft:iron_pickaxe":2,"minecraft:iron_block":1,"minecraft:stone_sword":1,"sereneseasons:calendar":1,"minecraft:gold_ingot":4,"minecraft:white_bed":2,"minecraft:torch":20},"minecraft:mined":{"biomeswevegone:white_anemone":1,"biomeswevegone:lush_dirt":4,"minecraft:diamond_ore":1,"minecraft:tuff":23,"minecraft:mossy_cobblestone":1,"minecraft:white_bed":3,"minecraft:deepslate_diamond_ore":2,"alekiships:wood/watercraft_frame/flat/birch":1,"minecraft:stripped_birch_log":21,"biomeswevegone:lush_grass_block":1,"biomeswevegone:rainbow_eucalyptus_leaves":22,"minecraft:grass_block":1,"biomeswevegone:blue_enchanted_planks":2,"minecraft:blue_wool":6,"minecraft:sandstone":15,"travelersbackpack:bat":1,"minecraft:redstone_ore":1,"minecraft:furnace":2,"minecraft:iron_ore":12,"minecraft:fire":49,"minecraft:andesite":6,"minecraft:deepslate_lapis_ore":1,"alekiships:cleat":4,"minecraft:deepslate_iron_ore":14,"minecraft:cobblestone_slab":2,"minecraft:vine":4,"minecraft:stripped_oak_log":3,"biomeswevegone:rocky_stone":6,"minecraft:stone":84,"minecraft:white_wool":1,"minecraft:deepslate_redstone_ore":1,"minecraft:scaffolding":7,"biomeswevegone:overgrown_stone":1,"minecraft:clay":3,"travelersbackpack:standard":9,"minecraft:crafting_table":5,"minecraft:torch":2,"minecraft:emerald_ore":2,"biomeswevegone:tall_pink_allium":1,"minecraft:sugar_cane":7,"minecraft:cobblestone":22,"biomeswevegone:clover_patch":1,"minecraft:tall_grass":2,"minecraft:deepslate_coal_ore":3,"minecraft:oak_planks":2,"minecraft:deepslate_gold_ore":1,"minecraft:wall_torch":4,"minecraft:diorite":4,"minecraft:blue_bed":3,"minecraft:deepslate_copper_ore":2,"supplementaries:urn":9,"minecraft:coarse_dirt":1,"biomeswevegone:tall_white_allium":1,"minecraft:birch_log":41,"alekiships:wood/watercraft_frame/angled/oak":1,"minecraft:grass":13,"minecraft:coal_ore":7,"minecraft:oak_log":22,"minecraft:gravel":7,"minecraft:sunflower":2,"alekiships:wood/watercraft_frame/angled/birch":6,"minecraft:sand":12,"minecraft:dirt":1,"minecraft:cobweb":1,"biomeswevegone:purple_sage":1,"minecraft:stone_bricks":1,"minecraft:mossy_stone_bricks":1,"minecraft:deepslate":228}},"DataVersion":3465}