{"stats":{"minecraft:custom":{"lootr:looted_stat":28,"minecraft:interact_with_crafting_table":50,"minecraft:leave_game":17,"minecraft:time_since_death":18123,"minecraft:sprint_one_cm":1126412,"minecraft:drop":246,"minecraft:play_time":602082,"minecraft:deaths":75,"minecraft:jump":10161,"minecraft:walk_on_water_one_cm":168468,"minecraft:interact_with_furnace":22,"minecraft:sleep_in_bed":19,"tombstone:sneak_grave":57,"minecraft:damage_dealt":24140,"minecraft:crouch_one_cm":62949,"tombstone:undead_killed":56,"minecraft:interact_with_smithing_table":2,"minecraft:mob_kills":117,"minecraft:interact_with_anvil":1,"tombstone:use_vanishing":1,"minecraft:climb_one_cm":48669,"minecraft:walk_one_cm":827255,"minecraft:sneak_time":23125,"minecraft:walk_under_water_one_cm":75887,"minecraft:boat_one_cm":449515,"minecraft:total_world_time":602082,"tombstone:raider_killed":1,"minecraft:time_since_rest":17844,"minecraft:damage_taken":22667,"minecraft:damage_absorbed":80,"minecraft:swim_one_cm":416964,"minecraft:fly_one_cm":2088679,"minecraft:open_chest":8,"minecraft:fall_one_cm":223525},"minecraft:dropped":{"biomeswevegone:white_puffball_spores":2,"iceandfire:raw_silver":1,"minecraft:birch_planks":43,"minecraft:lapis_lazuli":15,"biomeswevegone:blue_enchanted_log":3,"minecraft:diamond":1,"minecraft:crafting_table":2,"travelersbackpack:standard":4,"minecraft:gold_nugget":1,"minecraft:sunflower":4,"minecraft:sand":6,"minecraft:iron_pickaxe":8,"sereneseasons:calendar":2,"minecraft:bone":1,"minecraft:gravel":15,"alexsmobs:gazelle_horn":1,"minecraft:cobbled_deepslate":1,"minecraft:birch_sapling":2,"minecraft:rotten_flesh":2,"minecraft:oak_planks":9,"travelersbackpack:bat":1,"minecraft:cooked_mutton":10,"iceandfire:shiny_scales":12,"supplementaries:flax_seeds":4,"minecraft:iron_ingot":7,"minecraft:wheat_seeds":11,"biomeswevegone:water_silk":4,"minecraft:prismarine_shard":5,"minecraft:lead":1,"minecraft:iron_helmet":1,"minecraft:cobblestone":593,"minecraft:prismarine_crystals":3,"wardrobe:jungle_boots":1,"minecraft:granite":47,"minecraft:copper_ingot":15,"minecraft:coal":1,"minecraft:stick":8,"tombstone:dust_of_vanishing":1,"minecraft:diorite":15,"minecraft:ink_sac":4,"tombstone:magic_scroll":1,"iceandfire:copper_nugget":115,"minecraft:torch":2,"minecraft:iron_leggings":1,"minecraft:stripped_birch_log":12,"iceandfire:cannoli":1,"minecraft:lily_pad":1,"minecraft:redstone":29,"minecraft:moss_carpet":1,"minecraft:raw_copper":449,"minecraft:tuff":16,"minecraft:raw_iron":3,"minecraft:clay_ball":14,"minecraft:iron_boots":1,"biomeswevegone:yellow_birch_sapling":6,"biomeswevegone:clover_patch":2,"minecraft:iron_chestplate":2,"minecraft:andesite":25,"minecraft:mossy_stone_bricks":2,"biomeswevegone:bistort":1,"minecraft:stone_bricks":4,"minecraft:slime_ball":16,"minecraft:stone_pickaxe":1,"biomeswevegone:weeping_milkcap":1,"minecraft:raw_gold":1},"minecraft:mined":{"biomeswevegone:lush_dirt":4,"minecraft:white_bed":7,"biomeswevegone:lush_grass_block":1,"biomeswevegone:rainbow_eucalyptus_leaves":22,"minecraft:granite":39,"minecraft:grass_block":6,"minecraft:light_gray_bed":3,"minecraft:blue_wool":6,"minecraft:tall_seagrass":1,"minecraft:cobbled_deepslate":6,"minecraft:iron_ore":15,"minecraft:fire":71,"minecraft:deepslate_lapis_ore":1,"iceandfire:gold_pile":158,"minecraft:deepslate_redstone_ore":1,"minecraft:clay":3,"minecraft:torch":13,"biomeswevegone:clover_patch":1,"minecraft:cobblestone":24,"minecraft:sugar_cane":7,"minecraft:oak_planks":3,"minecraft:wall_torch":16,"minecraft:deepslate_copper_ore":2,"iceandfire:crackled_stone":1,"minecraft:birch_log":41,"minecraft:grass":27,"minecraft:oak_log":22,"minecraft:sand":12,"minecraft:dirt":15,"minecraft:deepslate":281,"iceandfire:chared_stone":3,"biomeswevegone:white_anemone":1,"minecraft:diamond_ore":3,"minecraft:tuff":23,"minecraft:mossy_cobblestone":1,"minecraft:deepslate_diamond_ore":8,"alekiships:wood/watercraft_frame/flat/birch":1,"minecraft:stripped_birch_log":21,"minecraft:glow_lichen":1,"biomeswevegone:blue_enchanted_planks":2,"minecraft:sandstone":15,"travelersbackpack:bat":4,"minecraft:redstone_ore":1,"minecraft:furnace":3,"minecraft:andesite":59,"alekiships:cleat":4,"minecraft:deepslate_iron_ore":14,"minecraft:cobblestone_slab":2,"minecraft:vine":5,"minecraft:stripped_oak_log":3,"biomeswevegone:rocky_stone":6,"minecraft:stone":456,"minecraft:white_wool":1,"minecraft:scaffolding":7,"biomeswevegone:overgrown_stone":1,"travelersbackpack:standard":9,"minecraft:crafting_table":17,"minecraft:emerald_ore":4,"biomeswevegone:tall_pink_allium":1,"minecraft:tall_grass":2,"minecraft:copper_ore":5,"minecraft:deepslate_coal_ore":3,"minecraft:deepslate_gold_ore":1,"minecraft:diorite":35,"minecraft:blue_bed":3,"supplementaries:urn":24,"minecraft:purple_bed":1,"minecraft:coarse_dirt":1,"biomeswevegone:tall_white_allium":1,"alekiships:wood/watercraft_frame/angled/oak":1,"minecraft:coal_ore":9,"alekiships:wood/watercraft_frame/angled/birch":6,"minecraft:sunflower":2,"minecraft:gravel":30,"minecraft:dripstone_block":5,"minecraft:cobweb":1,"biomeswevegone:purple_sage":1,"minecraft:stone_bricks":1,"minecraft:mossy_stone_bricks":1,"minecraft:gold_ore":2},"minecraft:crafted":{"minecraft:oak_planks":100,"alekiships:anchor":1,"minecraft:birch_boat":1,"minecraft:cooked_mutton":7,"tombstone:grave_key":1,"minecraft:oak_fence":18,"minecraft:glass_bottle":3,"minecraft:oak_slab":6,"minecraft:cooked_porkchop":10,"minecraft:crafting_table":3,"travelersbackpack:standard":2,"minecraft:clock":1,"minecraft:copper_ingot":15,"minecraft:gold_block":38,"minecraft:birch_planks":60,"minecraft:paper":21,"minecraft:stick":64,"minecraft:iron_ingot":94,"minecraft:iron_pickaxe":9,"minecraft:iron_block":7,"minecraft:stone_sword":1,"sereneseasons:calendar":1,"minecraft:gold_ingot":179,"minecraft:coal":117,"minecraft:iron_nugget":9,"alekiships:oar":2,"minecraft:furnace":3,"minecraft:bone_meal":15,"minecraft:flint_and_steel":1,"minecraft:coal_block":21,"minecraft:blue_bed":2,"minecraft:air":0,"minecraft:white_bed":2,"minecraft:torch":180},"minecraft:killed_by":{"minecraft:creeper":1,"iceandfire:siren":4,"iceandfire:sea_serpent":1,"minecraft:cave_spider":1,"minecraft:zombie":3,"iceandfire:fire_dragon":43,"minecraft:skeleton":1,"iceandfire:lightning_dragon":19},"minecraft:killed":{"minecraft:cave_spider":1,"minecraft:spider":2,"minecraft:skeleton":17,"minecraft:skeleton_horse":1,"minecraft:pig":11,"minecraft:creeper":3,"minecraft:sheep":29,"minecraft:pillager":1,"minecraft:zombie":38,"iceandfire:lightning_dragon":1,"minecraft:cow":2,"iceandfire:fire_dragon":2,"iceandfire:siren":1,"alexsmobs:gazelle":1,"minecraft:enderman":1},"minecraft:used":{"biomeswevegone:blue_enchanted_planks":2,"biomeswevegone:blueberries":73,"minecraft:iron_sword":49,"minecraft:rotten_flesh":29,"biomeswevegone:blue_enchanted_boat":2,"minecraft:mutton":1,"minecraft:tuff":7,"minecraft:birch_sapling":11,"biomeswevegone:tall_white_allium":1,"alekiships:watercraft_frame_angled":8,"minecraft:stone_bricks":1,"iceandfire:chared_stone":3,"minecraft:scaffolding":9,"minecraft:furnace":4,"alekiships:cleat":9,"minecraft:egg":6,"minecraft:potato":1,"minecraft:mossy_stone_bricks":2,"minecraft:diorite":5,"minecraft:diamond_boots":2,"minecraft:stone_pickaxe":138,"minecraft:oak_planks":41,"wardrobe:jungle_boots":1,"minecraft:sandstone":11,"minecraft:sugar_cane":5,"biomeswevegone:white_anemone":3,"minecraft:blue_bed":6,"minecraft:white_wool":2,"minecraft:golden_apple":3,"minecraft:sand":13,"tombstone:dust_of_vanishing":1,"minecraft:string":1,"minecraft:bread":2,"tombstone:grave_key":7,"minecraft:gravel":26,"minecraft:diamond_sword":257,"minecraft:andesite":28,"minecraft:birch_log":21,"minecraft:coarse_dirt":1,"biomeswevegone:rocky_stone":6,"minecraft:bone_meal":15,"minecraft:experience_bottle":4,"biomeswevegone:clover_patch":1,"minecraft:stone_sword":197,"minecraft:flint_and_steel":72,"travelersbackpack:bat":12,"minecraft:cooked_chicken":2,"biomeswevegone:white_puffball_cap":1,"minecraft:torch":213,"minecraft:dirt":26,"minecraft:diamond_helmet":1,"minecraft:flowering_azalea":1,"minecraft:light_weighted_pressure_plate":1,"biomeswevegone:purple_sage":1,"minecraft:bamboo":2,"minecraft:diamond_chestplate":1,"biomeswevegone:lush_dirt":6,"tombstone:gift":9,"minecraft:cooked_beef":3,"minecraft:cobbled_deepslate":69,"minecraft:light_gray_bed":3,"minecraft:cooked_mutton":35,"biomeswevegone:tall_pink_allium":1,"minecraft:birch_boat":1,"minecraft:mossy_cobblestone":2,"minecraft:oak_slab":4,"minecraft:crafting_table":19,"minecraft:white_bed":9,"biomeswevegone:overgrown_stone":1,"tombstone:bag_of_seeds":1,"minecraft:apple":1,"minecraft:sunflower":6,"minecraft:iron_pickaxe":1047,"minecraft:stone_axe":125,"minecraft:purple_bed":2,"travelersbackpack:standard":18,"minecraft:cobblestone":79,"minecraft:porkchop":3,"minecraft:cooked_porkchop":6,"biomeswevegone:blue_enchanted_sapling":1,"minecraft:diamond_leggings":2},"minecraft:picked_up":{"sereneseasons:calendar":1,"minecraft:iron_chestplate":2,"travelersbackpack:bat":5,"minecraft:prismarine_shard":2,"minecraft:lead":1,"alexsmobs:gazelle_horn":2,"minecraft:string":1,"minecraft:raw_copper":419,"minecraft:iron_leggings":3,"minecraft:diamond_leggings":2,"minecraft:gold_nugget":1466,"minecraft:cobbled_deepslate":290,"minecraft:cobblestone_slab":2,"minecraft:iron_pickaxe":2,"biomeswevegone:purple_sage":1,"minecraft:iron_boots":2,"minecraft:furnace":3,"minecraft:blue_wool":6,"minecraft:stick":22,"minecraft:torch":93,"travelersbackpack:iron_tier_upgrade":1,"minecraft:porkchop":13,"tombstone:grave_dust":14,"minecraft:diorite":20,"biomeswevegone:water_silk":4,"biomeswevegone:weeping_milkcap":1,"minecraft:stone_sword":1,"minecraft:rotten_flesh":47,"minecraft:light_gray_bed":2,"supplementaries:antique_ink":2,"iceandfire:fire_dragon_heart":1,"wardrobe:jungle_boots":1,"biomeswevegone:blue_enchanted_planks":9,"supplementaries:ash":45,"minecraft:cobblestone":776,"minecraft:birch_log":36,"biomeswevegone:lush_dirt":6,"minecraft:feather":1,"minecraft:cooked_beef":3,"minecraft:andesite":53,"minecraft:potato":1,"minecraft:flint":3,"minecraft:tuff":23,"supplementaries:flax_seeds":4,"minecraft:stripped_birch_log":21,"minecraft:lapis_lazuli":30,"minecraft:dirt":9,"biomeswevegone:overgrown_stone":1,"biomeswevegone:flowering_tiny_lily_pads":7,"minecraft:bone":21,"minecraft:bow":2,"minecraft:wheat_seeds":13,"minecraft:raw_gold":14,"biomeswevegone:white_anemone":2,"minecraft:diamond_helmet":2,"minecraft:mossy_stone_bricks":4,"minecraft:bamboo":2,"minecraft:oak_planks":13,"minecraft:cooked_porkchop":11,"biomeswevegone:rocky_stone":6,"iceandfire:dragon_skull_fire":1,"iceandfire:shiny_scales":11,"minecraft:sand":14,"minecraft:ink_sac":4,"minecraft:mossy_cobblestone":2,"minecraft:bundle":3,"minecraft:diamond":29,"iceandfire:fire_dragon_blood":1,"iceandfire:crackled_stone":3,"minecraft:granite":47,"biomeswevegone:blue_enchanted_boat":2,"minecraft:emerald":36,"minecraft:oak_sapling":15,"iceandfire:raw_silver":1,"minecraft:crafting_table":19,"minecraft:coarse_dirt":1,"minecraft:clay_ball":14,"biomeswevegone:tall_white_allium":1,"minecraft:moss_carpet":1,"minecraft:birch_fence":18,"minecraft:sugar_cane":26,"minecraft:birch_sapling":13,"alekiships:cleat":6,"minecraft:egg":6,"minecraft:raw_iron":122,"minecraft:sandstone":11,"iceandfire:dragonbone":9,"iceandfire:dragonscales_gray":17,"minecraft:redstone":77,"minecraft:prismarine_crystals":3,"biomeswevegone:blue_enchanted_sapling":1,"minecraft:diamond_chestplate":3,"minecraft:arrow":9,"biomeswevegone:bistort":1,"minecraft:gold_ingot":115,"minecraft:mutton":9,"minecraft:white_wool":34,"minecraft:skeleton_skull":1,"biomeswevegone:white_puffball_spores":2,"minecraft:stripped_oak_log":3,"minecraft:leather":2,"minecraft:birch_planks":55,"biomeswevegone:tall_pink_allium":1,"minecraft:oak_log":22,"minecraft:lily_pad":1,"minecraft:gunpowder":2,"minecraft:blue_bed":3,"biomeswevegone:clover_patch":2,"minecraft:cooked_mutton":40,"minecraft:apple":1,"minecraft:stone_bricks":5,"iceandfire:cannoli":1,"minecraft:iron_ingot":10,"minecraft:stone_pickaxe":2,"minecraft:cooked_chicken":2,"tombstone:bag_of_seeds":1,"minecraft:flowering_azalea":1,"biomeswevegone:white_puffball_cap":1,"iceandfire:fire_dragon_flesh":3,"minecraft:scaffolding":9,"iceandfire:chared_stone":3,"iceandfire:copper_nugget":190,"minecraft:gravel":42,"minecraft:white_bed":7,"minecraft:spider_eye":1,"travelersbackpack:standard":9,"minecraft:purple_bed":1,"minecraft:slime_ball":8,"alekiships:watercraft_frame_angled":7,"minecraft:stone_axe":1,"minecraft:iron_helmet":2,"biomeswevegone:blue_enchanted_log":3,"biomeswevegone:tiny_lily_pads":2,"biomeswevegone:blueberries":57,"tombstone:magic_scroll":1,"minecraft:coal":110,"biomeswevegone:yellow_birch_sapling":6,"minecraft:sunflower":8},"minecraft:broken":{"minecraft:iron_boots":2,"minecraft:stone_pickaxe":1,"minecraft:stone_axe":1,"minecraft:stone_sword":1,"minecraft:flint_and_steel":1,"minecraft:iron_pickaxe":2}},"DataVersion":3465}