{"stats":{"minecraft:crafted":{"minecraft:cooked_cod":2,"minecraft:air":0,"minecraft:ladder":1,"iceandfire:manuscript":24},"minecraft:dropped":{"alexsmobs:animal_dictionary":1,"minecraft:cooked_porkchop":1,"minecraft:iron_helmet":1,"minecraft:rotten_flesh":3,"minecraft:iron_boots":1,"minecraft:potato":1,"supplementaries:ash":1,"minecraft:iron_chestplate":1,"minecraft:ladder":1,"iceandfire:bestiary":1,"minecraft:iron_leggings":1,"iceandfire:lectern":1,"biomeswevegone:mahogany_sapling":2,"iceandfire:manuscript":24},"minecraft:killed":{"minecraft:pig":2,"minecraft:spider":1,"minecraft:zombie":1,"alexsmobs:kangaroo":1},"minecraft:picked_up":{"minecraft:charcoal":2,"minecraft:iron_chestplate":3,"biomeswevegone:rose":1,"minecraft:cooked_beef":7,"minecraft:chicken":2,"minecraft:brown_mushroom":1,"minecraft:potato":1,"biomeswevegone:orange_daisy":1,"supplementaries:flax_seeds":4,"alexsmobs:cooked_kangaroo_meat":2,"minecraft:dirt":2,"minecraft:string":1,"minecraft:armor_stand":4,"minecraft:iron_leggings":3,"minecraft:cooked_mutton":1,"biomeswevegone:mahogany_sapling":2,"iceandfire:bestiary":1,"minecraft:wheat_seeds":2,"minecraft:cooked_chicken":2,"sawmill:sawmill":1,"minecraft:bamboo":15,"minecraft:iron_boots":3,"minecraft:stick":2,"minecraft:cooked_porkchop":5,"minecraft:white_bed":9,"alexsmobs:animal_dictionary":1,"minecraft:spider_eye":1,"travelersbackpack:standard":2,"biomeswevegone:pink_anemone":1,"alexsmobs:kangaroo_hide":1,"minecraft:rotten_flesh":3,"iceandfire:lectern":1,"minecraft:iron_helmet":3,"supplementaries:ash":18,"biomeswevegone:rainbow_eucalyptus_boat":1,"minecraft:mutton":1,"minecraft:coal":19,"iceandfire:raw_silver":2,"minecraft:cobblestone":18},"minecraft:custom":{"lootr:looted_stat":9,"minecraft:mob_kills":7,"minecraft:traded_with_villager":6,"minecraft:open_barrel":1,"minecraft:interact_with_campfire":3,"minecraft:bell_ring":56,"minecraft:interact_with_stonecutter":1,"minecraft:leave_game":4,"minecraft:time_since_death":132509,"minecraft:sleep_in_bed":10,"minecraft:climb_one_cm":8122,"minecraft:time_since_rest":14250,"minecraft:sprint_one_cm":256312,"minecraft:damage_taken":618,"minecraft:walk_one_cm":185707,"tombstone:sneak_grave":1,"minecraft:drop":17,"minecraft:damage_dealt":964,"minecraft:swim_one_cm":784,"minecraft:talked_to_villager":4,"minecraft:fly_one_cm":316853,"minecraft:open_chest":3,"minecraft:crouch_one_cm":10086,"minecraft:play_time":136135,"tombstone:undead_killed":1,"minecraft:sneak_time":3831,"minecraft:walk_under_water_one_cm":416,"minecraft:boat_one_cm":173578,"minecraft:jump":1590,"minecraft:walk_on_water_one_cm":4265,"minecraft:interact_with_smoker":3,"minecraft:total_world_time":136135,"minecraft:fall_one_cm":34472},"minecraft:mined":{"minecraft:white_bed":9,"iceandfire:silver_ore":2,"travelersbackpack:standard":1,"minecraft:grass_block":1,"sawmill:sawmill":1,"biomeswevegone:mahogany_leaves":1,"supplementaries:wild_flax":4,"minecraft:campfire":1,"biomeswevegone:pink_anemone":1,"minecraft:fire":20,"minecraft:grass":4,"biomeswevegone:orange_daisy":1,"minecraft:coal_ore":3,"minecraft:dirt_path":1,"biomeswevegone:prairie_grass":8,"minecraft:bamboo":1,"minecraft:stone":10,"minecraft:oak_leaves":3},"minecraft:used":{"minecraft:stone_sword":21,"minecraft:flint_and_steel":7,"minecraft:armor_stand":4,"minecraft:stone_pickaxe":15,"minecraft:dirt":2,"alexsmobs:cooked_kangaroo_meat":2,"minecraft:white_bed":8,"minecraft:apple":2,"biomeswevegone:pink_anemone":1,"minecraft:bread":7,"minecraft:cobblestone":7,"travelersbackpack:standard":2,"minecraft:cooked_porkchop":1,"tombstone:gift":1,"minecraft:cooked_beef":3}},"DataVersion":3465}