{"stats":{"minecraft:custom":{"minecraft:interact_with_smithing_table":2,"lootr:looted_stat":8,"minecraft:interact_with_anvil":1,"minecraft:mob_kills":63,"minecraft:interact_with_crafting_table":35,"minecraft:leave_game":10,"minecraft:time_since_death":29698,"minecraft:climb_one_cm":48669,"minecraft:sprint_one_cm":729121,"minecraft:walk_one_cm":499453,"minecraft:drop":90,"minecraft:play_time":383203,"minecraft:sneak_time":12344,"minecraft:deaths":44,"minecraft:walk_under_water_one_cm":64503,"minecraft:boat_one_cm":449515,"minecraft:jump":6218,"minecraft:walk_on_water_one_cm":149116,"minecraft:total_world_time":383203,"minecraft:interact_with_furnace":15,"tombstone:raider_killed":1,"minecraft:sleep_in_bed":19,"minecraft:time_since_rest":29359,"minecraft:damage_absorbed":40,"minecraft:damage_taken":13896,"tombstone:sneak_grave":30,"minecraft:damage_dealt":9223,"minecraft:swim_one_cm":374582,"minecraft:fly_one_cm":1351245,"minecraft:open_chest":8,"minecraft:crouch_one_cm":29390,"tombstone:undead_killed":20,"minecraft:fall_one_cm":120891},"minecraft:dropped":{"biomeswevegone:white_puffball_spores":2,"minecraft:birch_planks":43,"minecraft:wheat_seeds":3,"biomeswevegone:water_silk":4,"biomeswevegone:blue_enchanted_log":3,"minecraft:crafting_table":2,"minecraft:prismarine_shard":5,"minecraft:lead":1,"minecraft:cobblestone":146,"minecraft:prismarine_crystals":3,"minecraft:granite":16,"travelersbackpack:standard":4,"minecraft:stick":6,"minecraft:diorite":1,"minecraft:ink_sac":4,"minecraft:torch":1,"minecraft:stripped_birch_log":12,"minecraft:sunflower":4,"minecraft:sand":6,"minecraft:iron_pickaxe":4,"minecraft:lily_pad":1,"sereneseasons:calendar":2,"minecraft:gravel":11,"minecraft:moss_carpet":1,"minecraft:cobbled_deepslate":1,"minecraft:tuff":16,"minecraft:birch_sapling":2,"minecraft:raw_iron":1,"minecraft:clay_ball":14,"minecraft:oak_planks":9,"travelersbackpack:bat":1,"minecraft:cooked_mutton":10,"iceandfire:shiny_scales":12,"biomeswevegone:yellow_birch_sapling":6,"supplementaries:flax_seeds":2,"biomeswevegone:clover_patch":2,"minecraft:andesite":7,"biomeswevegone:bistort":1,"minecraft:slime_ball":16,"biomeswevegone:weeping_milkcap":1,"minecraft:stone_pickaxe":1,"minecraft:iron_ingot":7},"minecraft:mined":{"biomeswevegone:white_anemone":1,"biomeswevegone:lush_dirt":4,"minecraft:diamond_ore":1,"minecraft:tuff":23,"minecraft:white_bed":7,"minecraft:mossy_cobblestone":1,"alekiships:wood/watercraft_frame/flat/birch":1,"minecraft:deepslate_diamond_ore":2,"minecraft:stripped_birch_log":21,"biomeswevegone:lush_grass_block":1,"biomeswevegone:rainbow_eucalyptus_leaves":22,"minecraft:granite":17,"minecraft:grass_block":1,"biomeswevegone:blue_enchanted_planks":2,"minecraft:blue_wool":6,"minecraft:sandstone":15,"minecraft:tall_seagrass":1,"travelersbackpack:bat":4,"minecraft:redstone_ore":1,"minecraft:furnace":3,"minecraft:iron_ore":13,"minecraft:fire":52,"minecraft:andesite":24,"minecraft:deepslate_lapis_ore":1,"alekiships:cleat":4,"minecraft:vine":5,"iceandfire:gold_pile":98,"minecraft:cobblestone_slab":2,"minecraft:deepslate_iron_ore":14,"minecraft:stripped_oak_log":3,"biomeswevegone:rocky_stone":6,"minecraft:stone":230,"minecraft:white_wool":1,"minecraft:deepslate_redstone_ore":1,"minecraft:scaffolding":7,"biomeswevegone:overgrown_stone":1,"minecraft:clay":3,"travelersbackpack:standard":9,"minecraft:crafting_table":12,"minecraft:torch":7,"minecraft:emerald_ore":2,"biomeswevegone:tall_pink_allium":1,"minecraft:copper_ore":2,"minecraft:tall_grass":2,"minecraft:cobblestone":22,"biomeswevegone:clover_patch":1,"minecraft:deepslate_coal_ore":3,"minecraft:oak_planks":2,"minecraft:deepslate_gold_ore":1,"minecraft:sugar_cane":7,"minecraft:blue_bed":3,"minecraft:wall_torch":9,"minecraft:diorite":22,"minecraft:deepslate_copper_ore":2,"supplementaries:urn":9,"minecraft:coarse_dirt":1,"biomeswevegone:tall_white_allium":1,"minecraft:birch_log":41,"alekiships:wood/watercraft_frame/angled/oak":1,"minecraft:grass":13,"minecraft:coal_ore":7,"minecraft:oak_log":22,"alekiships:wood/watercraft_frame/angled/birch":6,"minecraft:gravel":10,"minecraft:sand":12,"minecraft:sunflower":2,"minecraft:dripstone_block":5,"minecraft:dirt":8,"minecraft:cobweb":1,"biomeswevegone:purple_sage":1,"minecraft:stone_bricks":1,"minecraft:mossy_stone_bricks":1,"minecraft:deepslate":229},"minecraft:crafted":{"minecraft:oak_planks":100,"alekiships:anchor":1,"minecraft:iron_nugget":9,"minecraft:birch_boat":1,"alekiships:oar":2,"minecraft:furnace":2,"minecraft:bone_meal":15,"minecraft:cooked_mutton":7,"minecraft:oak_fence":18,"minecraft:coal_block":13,"minecraft:oak_slab":6,"minecraft:crafting_table":3,"travelersbackpack:standard":2,"minecraft:blue_bed":2,"minecraft:clock":1,"minecraft:gold_block":14,"minecraft:birch_planks":44,"minecraft:air":0,"minecraft:paper":21,"minecraft:stick":12,"minecraft:iron_ingot":94,"minecraft:iron_pickaxe":4,"minecraft:iron_block":1,"minecraft:stone_sword":1,"sereneseasons:calendar":1,"minecraft:gold_ingot":128,"minecraft:white_bed":2,"minecraft:torch":20},"minecraft:killed_by":{"iceandfire:siren":4,"iceandfire:sea_serpent":1,"minecraft:cave_spider":1,"minecraft:zombie":1,"iceandfire:fire_dragon":36},"minecraft:killed":{"minecraft:cave_spider":1,"minecraft:spider":2,"minecraft:skeleton":3,"iceandfire:fire_dragon":1,"iceandfire:siren":1,"minecraft:creeper":2,"minecraft:sheep":29,"minecraft:pillager":1,"minecraft:zombie":17,"minecraft:cow":2},"minecraft:used":{"biomeswevegone:blue_enchanted_planks":2,"minecraft:stone_sword":197,"minecraft:flint_and_steel":50,"biomeswevegone:clover_patch":1,"biomeswevegone:blueberries":27,"minecraft:iron_sword":30,"travelersbackpack:bat":12,"minecraft:cooked_chicken":2,"biomeswevegone:white_puffball_cap":1,"minecraft:rotten_flesh":5,"biomeswevegone:blue_enchanted_boat":2,"minecraft:torch":75,"minecraft:dirt":9,"minecraft:mutton":1,"minecraft:tuff":7,"minecraft:flowering_azalea":1,"minecraft:light_weighted_pressure_plate":1,"minecraft:birch_sapling":11,"biomeswevegone:tall_white_allium":1,"alekiships:watercraft_frame_angled":8,"biomeswevegone:purple_sage":1,"minecraft:stone_bricks":1,"minecraft:bamboo":2,"minecraft:scaffolding":9,"minecraft:furnace":3,"biomeswevegone:lush_dirt":6,"alekiships:cleat":9,"minecraft:egg":6,"tombstone:gift":6,"minecraft:cooked_beef":3,"minecraft:cobbled_deepslate":4,"minecraft:cooked_mutton":35,"minecraft:diorite":4,"minecraft:mossy_stone_bricks":2,"biomeswevegone:tall_pink_allium":1,"minecraft:stone_pickaxe":138,"minecraft:oak_planks":4,"minecraft:sugar_cane":5,"biomeswevegone:white_anemone":3,"minecraft:birch_boat":1,"minecraft:blue_bed":6,"minecraft:sandstone":11,"minecraft:white_wool":2,"minecraft:golden_apple":1,"minecraft:mossy_cobblestone":2,"minecraft:white_bed":9,"minecraft:sand":13,"minecraft:oak_slab":4,"minecraft:crafting_table":14,"biomeswevegone:overgrown_stone":1,"tombstone:bag_of_seeds":1,"minecraft:string":1,"minecraft:sunflower":6,"minecraft:bread":2,"minecraft:iron_pickaxe":639,"tombstone:grave_key":3,"minecraft:stone_axe":125,"minecraft:gravel":7,"travelersbackpack:standard":18,"minecraft:cobblestone":4,"minecraft:cooked_porkchop":3,"minecraft:birch_log":21,"biomeswevegone:blue_enchanted_sapling":1,"minecraft:coarse_dirt":1,"biomeswevegone:rocky_stone":6,"minecraft:bone_meal":15},"minecraft:picked_up":{"sereneseasons:calendar":1,"minecraft:coarse_dirt":1,"minecraft:crafting_table":14,"travelersbackpack:bat":5,"minecraft:clay_ball":14,"minecraft:prismarine_shard":2,"minecraft:lead":1,"biomeswevegone:tall_white_allium":1,"minecraft:string":1,"minecraft:moss_carpet":1,"minecraft:raw_copper":18,"minecraft:birch_fence":18,"minecraft:gold_nugget":1032,"minecraft:cobbled_deepslate":229,"minecraft:cobblestone_slab":2,"minecraft:iron_pickaxe":1,"biomeswevegone:purple_sage":1,"minecraft:sugar_cane":26,"minecraft:birch_sapling":13,"alekiships:cleat":6,"minecraft:furnace":3,"minecraft:egg":6,"minecraft:blue_wool":6,"minecraft:stick":22,"minecraft:raw_iron":120,"minecraft:sandstone":11,"iceandfire:dragonbone":9,"iceandfire:dragonscales_gray":17,"minecraft:torch":67,"travelersbackpack:iron_tier_upgrade":1,"tombstone:grave_dust":7,"minecraft:diorite":5,"minecraft:redstone":48,"minecraft:prismarine_crystals":3,"biomeswevegone:blue_enchanted_sapling":1,"biomeswevegone:water_silk":4,"biomeswevegone:weeping_milkcap":1,"minecraft:stone_sword":1,"minecraft:arrow":3,"minecraft:rotten_flesh":29,"biomeswevegone:bistort":1,"iceandfire:fire_dragon_heart":1,"minecraft:gold_ingot":4,"supplementaries:ash":20,"biomeswevegone:blue_enchanted_planks":9,"minecraft:mutton":9,"biomeswevegone:white_puffball_spores":2,"minecraft:white_wool":34,"minecraft:cobblestone":168,"minecraft:stripped_oak_log":3,"minecraft:birch_log":36,"biomeswevegone:lush_dirt":6,"minecraft:feather":1,"minecraft:cooked_beef":3,"minecraft:andesite":7,"minecraft:leather":2,"minecraft:birch_planks":55,"biomeswevegone:tall_pink_allium":1,"minecraft:flint":1,"minecraft:tuff":23,"minecraft:oak_log":22,"minecraft:lily_pad":1,"supplementaries:flax_seeds":2,"minecraft:gunpowder":2,"minecraft:blue_bed":3,"minecraft:lapis_lazuli":15,"minecraft:stripped_birch_log":21,"minecraft:dirt":2,"biomeswevegone:clover_patch":2,"biomeswevegone:overgrown_stone":1,"biomeswevegone:flowering_tiny_lily_pads":7,"minecraft:cooked_mutton":40,"minecraft:bone":5,"minecraft:apple":1,"minecraft:stone_bricks":1,"minecraft:wheat_seeds":5,"minecraft:raw_gold":8,"biomeswevegone:white_anemone":2,"minecraft:iron_ingot":1,"minecraft:stone_pickaxe":2,"minecraft:cooked_chicken":2,"tombstone:bag_of_seeds":1,"minecraft:mossy_stone_bricks":2,"minecraft:bamboo":2,"biomeswevegone:white_puffball_cap":1,"iceandfire:fire_dragon_flesh":3,"minecraft:oak_planks":3,"minecraft:flowering_azalea":1,"minecraft:scaffolding":9,"minecraft:cooked_porkchop":3,"biomeswevegone:rocky_stone":6,"minecraft:gravel":18,"iceandfire:dragon_skull_fire":1,"iceandfire:shiny_scales":11,"minecraft:sand":14,"minecraft:ink_sac":4,"minecraft:white_bed":7,"minecraft:mossy_cobblestone":2,"travelersbackpack:standard":9,"minecraft:slime_ball":8,"alekiships:watercraft_frame_angled":7,"minecraft:diamond":9,"minecraft:stone_axe":1,"iceandfire:fire_dragon_blood":1,"minecraft:granite":16,"biomeswevegone:blue_enchanted_boat":2,"biomeswevegone:blue_enchanted_log":3,"minecraft:emerald":25,"biomeswevegone:tiny_lily_pads":2,"biomeswevegone:blueberries":57,"minecraft:oak_sapling":15,"minecraft:coal":96,"biomeswevegone:yellow_birch_sapling":6,"minecraft:sunflower":8},"minecraft:broken":{"minecraft:stone_sword":1,"minecraft:stone_pickaxe":1,"minecraft:stone_axe":1,"minecraft:iron_pickaxe":2}},"DataVersion":3465}