{"stats":{"minecraft:picked_up":{"sereneseasons:calendar":1,"minecraft:coarse_dirt":1,"minecraft:crafting_table":11,"travelersbackpack:bat":5,"minecraft:clay_ball":14,"minecraft:prismarine_shard":2,"minecraft:lead":1,"biomeswevegone:tall_white_allium":1,"minecraft:string":1,"minecraft:moss_carpet":1,"minecraft:raw_copper":4,"minecraft:birch_fence":18,"minecraft:gold_nugget":1032,"minecraft:cobbled_deepslate":228,"minecraft:cobblestone_slab":2,"biomeswevegone:purple_sage":1,"minecraft:sugar_cane":26,"minecraft:birch_sapling":13,"alekiships:cleat":6,"minecraft:furnace":3,"minecraft:egg":6,"minecraft:blue_wool":6,"minecraft:stick":22,"minecraft:raw_iron":112,"minecraft:sandstone":11,"iceandfire:dragonbone":9,"iceandfire:dragonscales_gray":17,"minecraft:torch":54,"travelersbackpack:iron_tier_upgrade":1,"tombstone:grave_dust":7,"minecraft:diorite":4,"minecraft:redstone":48,"minecraft:prismarine_crystals":3,"biomeswevegone:blue_enchanted_sapling":1,"biomeswevegone:water_silk":4,"biomeswevegone:weeping_milkcap":1,"minecraft:stone_sword":1,"minecraft:arrow":3,"minecraft:rotten_flesh":28,"biomeswevegone:bistort":1,"iceandfire:fire_dragon_heart":1,"minecraft:gold_ingot":4,"supplementaries:ash":20,"biomeswevegone:blue_enchanted_planks":9,"minecraft:mutton":9,"biomeswevegone:white_puffball_spores":2,"minecraft:white_wool":34,"minecraft:cobblestone":89,"minecraft:stripped_oak_log":3,"minecraft:birch_log":36,"biomeswevegone:lush_dirt":6,"minecraft:feather":1,"minecraft:cooked_beef":3,"minecraft:andesite":7,"minecraft:leather":2,"minecraft:birch_planks":55,"biomeswevegone:tall_pink_allium":1,"minecraft:tuff":23,"minecraft:oak_log":22,"minecraft:lily_pad":1,"supplementaries:flax_seeds":2,"minecraft:gunpowder":2,"minecraft:blue_bed":3,"minecraft:lapis_lazuli":15,"minecraft:stripped_birch_log":21,"minecraft:dirt":2,"biomeswevegone:clover_patch":2,"biomeswevegone:overgrown_stone":1,"biomeswevegone:flowering_tiny_lily_pads":7,"minecraft:cooked_mutton":40,"minecraft:bone":5,"minecraft:apple":1,"minecraft:stone_bricks":1,"minecraft:wheat_seeds":5,"minecraft:raw_gold":8,"biomeswevegone:white_anemone":2,"minecraft:iron_ingot":1,"minecraft:stone_pickaxe":2,"minecraft:cooked_chicken":2,"tombstone:bag_of_seeds":1,"minecraft:mossy_stone_bricks":2,"minecraft:bamboo":2,"biomeswevegone:white_puffball_cap":1,"iceandfire:fire_dragon_flesh":3,"minecraft:oak_planks":3,"minecraft:flowering_azalea":1,"minecraft:scaffolding":9,"minecraft:cooked_porkchop":3,"biomeswevegone:rocky_stone":6,"minecraft:gravel":12,"iceandfire:dragon_skull_fire":1,"iceandfire:shiny_scales":11,"minecraft:sand":14,"minecraft:ink_sac":4,"minecraft:white_bed":7,"minecraft:mossy_cobblestone":2,"travelersbackpack:standard":9,"minecraft:slime_ball":8,"alekiships:watercraft_frame_angled":7,"minecraft:diamond":9,"minecraft:stone_axe":1,"iceandfire:fire_dragon_blood":1,"biomeswevegone:blue_enchanted_boat":2,"biomeswevegone:blue_enchanted_log":3,"minecraft:emerald":25,"biomeswevegone:tiny_lily_pads":2,"biomeswevegone:blueberries":57,"minecraft:oak_sapling":15,"minecraft:coal":94,"biomeswevegone:yellow_birch_sapling":6,"minecraft:sunflower":8},"minecraft:killed_by":{"iceandfire:siren":4,"iceandfire:sea_serpent":1,"minecraft:cave_spider":1,"minecraft:zombie":1,"iceandfire:fire_dragon":36},"minecraft:broken":{"minecraft:stone_sword":1,"minecraft:stone_pickaxe":1,"minecraft:stone_axe":1,"minecraft:iron_pickaxe":2},"minecraft:dropped":{"biomeswevegone:white_puffball_spores":2,"minecraft:birch_planks":43,"minecraft:wheat_seeds":3,"biomeswevegone:water_silk":4,"biomeswevegone:blue_enchanted_log":3,"minecraft:crafting_table":1,"minecraft:prismarine_shard":5,"minecraft:lead":1,"minecraft:prismarine_crystals":3,"travelersbackpack:standard":4,"minecraft:torch":1,"minecraft:stripped_birch_log":12,"minecraft:sunflower":4,"minecraft:sand":6,"minecraft:iron_pickaxe":1,"minecraft:lily_pad":1,"sereneseasons:calendar":2,"minecraft:moss_carpet":1,"minecraft:raw_iron":1,"minecraft:birch_sapling":2,"minecraft:clay_ball":14,"travelersbackpack:bat":1,"minecraft:cooked_mutton":10,"iceandfire:shiny_scales":12,"biomeswevegone:yellow_birch_sapling":6,"supplementaries:flax_seeds":2,"biomeswevegone:clover_patch":2,"minecraft:andesite":7,"biomeswevegone:bistort":1,"minecraft:slime_ball":16,"biomeswevegone:weeping_milkcap":1,"minecraft:stone_pickaxe":1},"minecraft:custom":{"minecraft:interact_with_smithing_table":2,"lootr:looted_stat":8,"minecraft:interact_with_anvil":1,"minecraft:mob_kills":62,"minecraft:interact_with_crafting_table":31,"minecraft:leave_game":10,"minecraft:time_since_death":5775,"minecraft:climb_one_cm":48669,"minecraft:sprint_one_cm":698033,"minecraft:walk_one_cm":456297,"minecraft:drop":65,"minecraft:play_time":359280,"minecraft:sneak_time":11247,"minecraft:deaths":44,"minecraft:walk_under_water_one_cm":64300,"minecraft:boat_one_cm":449515,"minecraft:jump":5848,"minecraft:walk_on_water_one_cm":146036,"minecraft:total_world_time":359280,"minecraft:interact_with_furnace":15,"tombstone:raider_killed":1,"minecraft:sleep_in_bed":19,"minecraft:time_since_rest":5436,"minecraft:damage_absorbed":40,"minecraft:damage_taken":13862,"tombstone:sneak_grave":30,"minecraft:damage_dealt":9023,"minecraft:swim_one_cm":363915,"minecraft:fly_one_cm":1302491,"minecraft:open_chest":3,"minecraft:crouch_one_cm":26349,"tombstone:undead_killed":19,"minecraft:fall_one_cm":118128},"minecraft:killed":{"minecraft:cave_spider":1,"minecraft:spider":2,"minecraft:skeleton":3,"iceandfire:fire_dragon":1,"iceandfire:siren":1,"minecraft:creeper":2,"minecraft:sheep":29,"minecraft:pillager":1,"minecraft:zombie":16,"minecraft:cow":2},"minecraft:crafted":{"minecraft:oak_planks":100,"alekiships:anchor":1,"minecraft:iron_nugget":9,"minecraft:birch_boat":1,"alekiships:oar":2,"minecraft:furnace":2,"minecraft:bone_meal":15,"minecraft:cooked_mutton":7,"minecraft:oak_fence":18,"minecraft:oak_slab":6,"minecraft:crafting_table":3,"travelersbackpack:standard":2,"minecraft:blue_bed":2,"minecraft:clock":1,"minecraft:gold_block":14,"minecraft:birch_planks":44,"minecraft:air":0,"minecraft:paper":21,"minecraft:stick":4,"minecraft:iron_ingot":94,"minecraft:iron_pickaxe":2,"minecraft:iron_block":1,"minecraft:stone_sword":1,"sereneseasons:calendar":1,"minecraft:gold_ingot":128,"minecraft:white_bed":2,"minecraft:torch":20},"minecraft:used":{"biomeswevegone:blue_enchanted_planks":2,"minecraft:stone_sword":197,"minecraft:flint_and_steel":48,"biomeswevegone:clover_patch":1,"biomeswevegone:blueberries":27,"minecraft:iron_sword":27,"biomeswevegone:white_puffball_cap":1,"minecraft:cooked_chicken":2,"travelersbackpack:bat":12,"biomeswevegone:blue_enchanted_boat":2,"minecraft:torch":65,"minecraft:dirt":7,"minecraft:mutton":1,"minecraft:tuff":7,"minecraft:flowering_azalea":1,"minecraft:light_weighted_pressure_plate":1,"minecraft:birch_sapling":11,"biomeswevegone:tall_white_allium":1,"alekiships:watercraft_frame_angled":8,"biomeswevegone:purple_sage":1,"minecraft:stone_bricks":1,"minecraft:bamboo":2,"minecraft:scaffolding":9,"minecraft:furnace":3,"biomeswevegone:lush_dirt":6,"alekiships:cleat":9,"minecraft:egg":6,"tombstone:gift":6,"minecraft:cooked_beef":3,"minecraft:cobbled_deepslate":4,"minecraft:cooked_mutton":35,"minecraft:diorite":4,"minecraft:mossy_stone_bricks":2,"biomeswevegone:tall_pink_allium":1,"minecraft:stone_pickaxe":138,"minecraft:oak_planks":4,"minecraft:birch_boat":1,"minecraft:sugar_cane":5,"minecraft:sandstone":11,"biomeswevegone:white_anemone":3,"minecraft:blue_bed":6,"minecraft:white_wool":2,"minecraft:golden_apple":1,"minecraft:mossy_cobblestone":2,"minecraft:sand":13,"minecraft:white_bed":9,"minecraft:oak_slab":4,"minecraft:crafting_table":11,"biomeswevegone:overgrown_stone":1,"tombstone:bag_of_seeds":1,"minecraft:string":1,"minecraft:sunflower":6,"minecraft:iron_pickaxe":418,"tombstone:grave_key":3,"minecraft:gravel":7,"minecraft:stone_axe":125,"travelersbackpack:standard":18,"minecraft:cobblestone":3,"minecraft:cooked_porkchop":3,"minecraft:birch_log":21,"biomeswevegone:blue_enchanted_sapling":1,"minecraft:coarse_dirt":1,"biomeswevegone:rocky_stone":6,"minecraft:bone_meal":15},"minecraft:mined":{"biomeswevegone:white_anemone":1,"biomeswevegone:lush_dirt":4,"minecraft:diamond_ore":1,"minecraft:tuff":23,"minecraft:white_bed":7,"minecraft:mossy_cobblestone":1,"alekiships:wood/watercraft_frame/flat/birch":1,"minecraft:deepslate_diamond_ore":2,"minecraft:stripped_birch_log":21,"biomeswevegone:lush_grass_block":1,"biomeswevegone:rainbow_eucalyptus_leaves":22,"minecraft:grass_block":1,"biomeswevegone:blue_enchanted_planks":2,"minecraft:blue_wool":6,"minecraft:sandstone":15,"minecraft:tall_seagrass":1,"travelersbackpack:bat":4,"minecraft:redstone_ore":1,"minecraft:furnace":3,"minecraft:iron_ore":12,"minecraft:fire":50,"minecraft:andesite":6,"minecraft:deepslate_lapis_ore":1,"alekiships:cleat":4,"minecraft:vine":5,"iceandfire:gold_pile":98,"minecraft:cobblestone_slab":2,"minecraft:deepslate_iron_ore":14,"minecraft:stripped_oak_log":3,"biomeswevegone:rocky_stone":6,"minecraft:stone":84,"minecraft:white_wool":1,"minecraft:deepslate_redstone_ore":1,"minecraft:scaffolding":7,"biomeswevegone:overgrown_stone":1,"travelersbackpack:standard":9,"minecraft:clay":3,"minecraft:crafting_table":9,"minecraft:torch":3,"minecraft:emerald_ore":2,"biomeswevegone:tall_pink_allium":1,"minecraft:tall_grass":2,"minecraft:cobblestone":22,"biomeswevegone:clover_patch":1,"minecraft:deepslate_coal_ore":3,"minecraft:oak_planks":2,"minecraft:deepslate_gold_ore":1,"minecraft:sugar_cane":7,"minecraft:blue_bed":3,"minecraft:wall_torch":4,"minecraft:diorite":4,"minecraft:deepslate_copper_ore":2,"supplementaries:urn":9,"minecraft:coarse_dirt":1,"biomeswevegone:tall_white_allium":1,"minecraft:birch_log":41,"alekiships:wood/watercraft_frame/angled/oak":1,"minecraft:grass":13,"minecraft:coal_ore":7,"minecraft:oak_log":22,"alekiships:wood/watercraft_frame/angled/birch":6,"minecraft:gravel":7,"minecraft:sand":12,"minecraft:sunflower":2,"minecraft:dirt":1,"minecraft:cobweb":1,"biomeswevegone:purple_sage":1,"minecraft:stone_bricks":1,"minecraft:mossy_stone_bricks":1,"minecraft:deepslate":228}},"DataVersion":3465}