{"stats":{"minecraft:custom":{"lootr:looted_stat":1,"minecraft:mob_kills":15,"tombstone:raider_killed":1,"minecraft:interact_with_crafting_table":4,"minecraft:leave_game":2,"minecraft:time_since_death":914,"minecraft:sleep_in_bed":7,"minecraft:climb_one_cm":5252,"minecraft:time_since_rest":495,"minecraft:sprint_one_cm":167628,"minecraft:damage_taken":4720,"minecraft:walk_one_cm":108522,"tombstone:sneak_grave":7,"minecraft:drop":11,"minecraft:damage_dealt":2683,"minecraft:swim_one_cm":150656,"minecraft:fly_one_cm":288299,"minecraft:crouch_one_cm":11437,"minecraft:play_time":86687,"tombstone:undead_killed":4,"minecraft:deaths":17,"minecraft:sneak_time":3796,"minecraft:walk_under_water_one_cm":16170,"minecraft:boat_one_cm":405042,"minecraft:jump":1255,"minecraft:walk_on_water_one_cm":45141,"minecraft:total_world_time":86687,"minecraft:fall_one_cm":23935},"minecraft:dropped":{"biomeswevegone:blue_enchanted_log":3,"minecraft:crafting_table":1,"minecraft:prismarine_shard":5,"minecraft:prismarine_crystals":3,"travelersbackpack:standard":3,"iceandfire:shiny_scales":12},"minecraft:mined":{"biomeswevegone:lush_dirt":4,"biomeswevegone:overgrown_stone":1,"minecraft:crafting_table":1,"travelersbackpack:standard":6,"biomeswevegone:lush_grass_block":1,"biomeswevegone:rainbow_eucalyptus_leaves":22,"minecraft:grass_block":1,"biomeswevegone:clover_patch":1,"minecraft:tall_grass":2,"minecraft:blue_wool":6,"minecraft:blue_bed":3,"minecraft:coarse_dirt":1,"minecraft:fire":11,"minecraft:andesite":5,"minecraft:grass":5,"minecraft:vine":1,"minecraft:sunflower":2,"minecraft:dirt":1,"minecraft:stripped_oak_log":3,"biomeswevegone:rocky_stone":6,"minecraft:stone":11},"minecraft:crafted":{"minecraft:oak_planks":12,"minecraft:crafting_table":1,"travelersbackpack:standard":1,"minecraft:blue_bed":2,"minecraft:white_bed":2},"minecraft:killed":{"minecraft:sheep":6,"minecraft:skeleton":2,"minecraft:pillager":1,"minecraft:zombie":2,"iceandfire:siren":1,"minecraft:cow":2},"minecraft:killed_by":{"iceandfire:siren":4,"iceandfire:fire_dragon":13},"minecraft:used":{"biomeswevegone:clover_patch":1,"minecraft:stone_sword":75,"minecraft:flint_and_steel":11,"minecraft:stone_pickaxe":24,"biomeswevegone:white_anemone":1,"minecraft:blue_bed":6,"minecraft:cooked_chicken":2,"biomeswevegone:blue_enchanted_boat":2,"minecraft:dirt":2,"minecraft:crafting_table":1,"minecraft:white_bed":3,"biomeswevegone:overgrown_stone":1,"minecraft:sunflower":6,"minecraft:light_weighted_pressure_plate":1,"minecraft:bamboo":2,"travelersbackpack:standard":4,"biomeswevegone:lush_dirt":6,"minecraft:cooked_porkchop":3,"minecraft:birch_log":1,"tombstone:gift":4,"minecraft:cooked_beef":2,"biomeswevegone:blue_enchanted_sapling":1,"minecraft:coarse_dirt":1,"biomeswevegone:rocky_stone":6},"minecraft:picked_up":{"minecraft:stripped_oak_log":3,"minecraft:birch_log":1,"minecraft:crafting_table":1,"minecraft:coarse_dirt":1,"biomeswevegone:lush_dirt":6,"minecraft:feather":1,"minecraft:cooked_beef":3,"minecraft:prismarine_shard":2,"minecraft:andesite":5,"minecraft:leather":2,"minecraft:lead":1,"minecraft:lily_pad":1,"minecraft:blue_bed":3,"minecraft:dirt":2,"biomeswevegone:clover_patch":2,"biomeswevegone:overgrown_stone":1,"biomeswevegone:flowering_tiny_lily_pads":7,"minecraft:bone":2,"biomeswevegone:white_anemone":1,"minecraft:iron_ingot":1,"minecraft:stone_pickaxe":1,"minecraft:cooked_chicken":2,"minecraft:bamboo":2,"minecraft:birch_sapling":1,"minecraft:blue_wool":6,"minecraft:stick":3,"minecraft:cooked_porkchop":3,"biomeswevegone:rocky_stone":6,"iceandfire:shiny_scales":11,"tombstone:grave_dust":4,"minecraft:ink_sac":4,"minecraft:prismarine_crystals":3,"biomeswevegone:blue_enchanted_sapling":1,"biomeswevegone:water_silk":4,"travelersbackpack:standard":6,"minecraft:stone_sword":1,"minecraft:arrow":2,"minecraft:rotten_flesh":3,"biomeswevegone:bistort":1,"minecraft:stone_axe":1,"biomeswevegone:blue_enchanted_boat":2,"biomeswevegone:blue_enchanted_log":3,"biomeswevegone:tiny_lily_pads":2,"supplementaries:ash":1,"biomeswevegone:blue_enchanted_planks":7,"minecraft:mutton":7,"minecraft:white_wool":6,"minecraft:cobblestone":10,"minecraft:sunflower":4}},"DataVersion":3465}