{"stats":{"minecraft:custom":{"lootr:looted_stat":1,"minecraft:mob_kills":8,"minecraft:interact_with_crafting_table":2,"minecraft:leave_game":2,"minecraft:time_since_death":17206,"minecraft:sleep_in_bed":7,"minecraft:climb_one_cm":5252,"minecraft:time_since_rest":1336,"minecraft:sprint_one_cm":124021,"minecraft:damage_taken":1440,"minecraft:walk_one_cm":95655,"minecraft:drop":11,"minecraft:damage_dealt":1295,"minecraft:swim_one_cm":125955,"minecraft:fly_one_cm":193951,"minecraft:crouch_one_cm":10515,"minecraft:play_time":74687,"tombstone:undead_killed":4,"minecraft:deaths":5,"minecraft:sneak_time":3200,"minecraft:walk_under_water_one_cm":12561,"minecraft:boat_one_cm":405042,"minecraft:jump":928,"minecraft:walk_on_water_one_cm":33653,"minecraft:total_world_time":74687,"minecraft:fall_one_cm":18290},"minecraft:dropped":{"biomeswevegone:blue_enchanted_log":3,"minecraft:crafting_table":1,"minecraft:prismarine_shard":5,"minecraft:prismarine_crystals":3,"travelersbackpack:standard":3,"iceandfire:shiny_scales":12},"minecraft:mined":{"biomeswevegone:lush_dirt":4,"biomeswevegone:overgrown_stone":1,"travelersbackpack:standard":5,"biomeswevegone:lush_grass_block":1,"biomeswevegone:rainbow_eucalyptus_leaves":22,"minecraft:grass_block":1,"minecraft:blue_wool":6,"minecraft:blue_bed":3,"minecraft:coarse_dirt":1,"minecraft:fire":11,"minecraft:andesite":5,"minecraft:grass":5,"minecraft:vine":1,"minecraft:dirt":1,"minecraft:stripped_oak_log":3,"biomeswevegone:rocky_stone":6,"minecraft:stone":11},"minecraft:crafted":{"minecraft:oak_planks":12,"travelersbackpack:standard":1,"minecraft:blue_bed":2},"minecraft:killed":{"minecraft:skeleton":2,"minecraft:zombie":2,"iceandfire:siren":1,"minecraft:cow":2},"minecraft:killed_by":{"iceandfire:siren":4,"iceandfire:fire_dragon":1},"minecraft:used":{"minecraft:stone_sword":32,"minecraft:flint_and_steel":11,"minecraft:stone_pickaxe":24,"biomeswevegone:white_anemone":1,"minecraft:blue_bed":5,"minecraft:cooked_chicken":2,"biomeswevegone:blue_enchanted_boat":2,"minecraft:dirt":1,"biomeswevegone:overgrown_stone":1,"minecraft:light_weighted_pressure_plate":1,"minecraft:bamboo":2,"travelersbackpack:standard":4,"biomeswevegone:lush_dirt":6,"minecraft:cooked_porkchop":3,"tombstone:gift":2,"biomeswevegone:blue_enchanted_sapling":1,"minecraft:coarse_dirt":1,"biomeswevegone:rocky_stone":6},"minecraft:picked_up":{"minecraft:stripped_oak_log":3,"minecraft:coarse_dirt":1,"biomeswevegone:lush_dirt":6,"minecraft:feather":1,"minecraft:cooked_beef":3,"minecraft:prismarine_shard":2,"minecraft:andesite":5,"minecraft:leather":1,"minecraft:lily_pad":1,"minecraft:blue_bed":3,"minecraft:dirt":2,"biomeswevegone:overgrown_stone":1,"biomeswevegone:flowering_tiny_lily_pads":7,"minecraft:bone":2,"biomeswevegone:white_anemone":1,"minecraft:iron_ingot":1,"minecraft:stone_pickaxe":1,"minecraft:cooked_chicken":2,"minecraft:bamboo":2,"minecraft:blue_wool":6,"minecraft:stick":3,"minecraft:cooked_porkchop":3,"biomeswevegone:rocky_stone":6,"iceandfire:shiny_scales":11,"tombstone:grave_dust":4,"minecraft:ink_sac":4,"minecraft:prismarine_crystals":3,"biomeswevegone:blue_enchanted_sapling":1,"biomeswevegone:water_silk":4,"travelersbackpack:standard":6,"minecraft:stone_sword":1,"minecraft:arrow":2,"minecraft:rotten_flesh":3,"minecraft:stone_axe":1,"biomeswevegone:blue_enchanted_boat":2,"biomeswevegone:blue_enchanted_log":3,"biomeswevegone:tiny_lily_pads":2,"supplementaries:ash":1,"biomeswevegone:blue_enchanted_planks":7,"minecraft:cobblestone":10}},"DataVersion":3465}