{"stats":{"minecraft:custom":{"lootr:looted_stat":17,"minecraft:interact_with_crafting_table":41,"minecraft:leave_game":10,"minecraft:time_since_death":19175,"minecraft:sprint_one_cm":782252,"minecraft:drop":97,"minecraft:play_time":407203,"minecraft:deaths":45,"minecraft:jump":6804,"minecraft:walk_on_water_one_cm":149273,"minecraft:interact_with_furnace":15,"minecraft:sleep_in_bed":19,"tombstone:sneak_grave":31,"minecraft:damage_dealt":10299,"minecraft:crouch_one_cm":34282,"tombstone:undead_killed":28,"minecraft:interact_with_smithing_table":2,"minecraft:mob_kills":71,"minecraft:interact_with_anvil":1,"tombstone:use_vanishing":1,"minecraft:climb_one_cm":48669,"minecraft:walk_one_cm":550232,"minecraft:sneak_time":13272,"minecraft:walk_under_water_one_cm":64570,"minecraft:boat_one_cm":449515,"minecraft:total_world_time":407203,"tombstone:raider_killed":1,"minecraft:time_since_rest":18476,"minecraft:damage_taken":14398,"minecraft:damage_absorbed":40,"minecraft:swim_one_cm":376559,"minecraft:fly_one_cm":1425628,"minecraft:open_chest":8,"minecraft:fall_one_cm":130161},"minecraft:dropped":{"biomeswevegone:white_puffball_spores":2,"minecraft:birch_planks":43,"biomeswevegone:blue_enchanted_log":3,"minecraft:crafting_table":2,"travelersbackpack:standard":4,"minecraft:sunflower":4,"minecraft:sand":6,"minecraft:iron_pickaxe":4,"sereneseasons:calendar":2,"minecraft:gravel":11,"minecraft:cobbled_deepslate":1,"minecraft:birch_sapling":2,"minecraft:oak_planks":9,"travelersbackpack:bat":1,"minecraft:cooked_mutton":10,"iceandfire:shiny_scales":12,"supplementaries:flax_seeds":4,"minecraft:iron_ingot":7,"minecraft:wheat_seeds":3,"biomeswevegone:water_silk":4,"minecraft:prismarine_shard":5,"minecraft:prismarine_crystals":3,"minecraft:cobblestone":146,"minecraft:lead":1,"minecraft:granite":16,"minecraft:coal":1,"minecraft:stick":6,"tombstone:dust_of_vanishing":1,"minecraft:diorite":1,"minecraft:ink_sac":4,"minecraft:torch":1,"minecraft:stripped_birch_log":12,"minecraft:lily_pad":1,"minecraft:moss_carpet":1,"minecraft:raw_copper":74,"minecraft:tuff":16,"minecraft:raw_iron":2,"minecraft:clay_ball":14,"biomeswevegone:yellow_birch_sapling":6,"biomeswevegone:clover_patch":2,"minecraft:andesite":7,"biomeswevegone:bistort":1,"minecraft:stone_pickaxe":1,"biomeswevegone:weeping_milkcap":1,"minecraft:slime_ball":16},"minecraft:mined":{"biomeswevegone:lush_dirt":4,"minecraft:white_bed":7,"biomeswevegone:lush_grass_block":1,"biomeswevegone:rainbow_eucalyptus_leaves":22,"minecraft:granite":17,"minecraft:grass_block":1,"minecraft:light_gray_bed":1,"minecraft:blue_wool":6,"minecraft:tall_seagrass":1,"minecraft:iron_ore":14,"minecraft:fire":53,"minecraft:deepslate_lapis_ore":1,"iceandfire:gold_pile":156,"minecraft:deepslate_redstone_ore":1,"minecraft:clay":3,"minecraft:torch":8,"biomeswevegone:clover_patch":1,"minecraft:cobblestone":22,"minecraft:sugar_cane":7,"minecraft:oak_planks":2,"minecraft:wall_torch":11,"minecraft:deepslate_copper_ore":2,"minecraft:birch_log":41,"minecraft:grass":13,"minecraft:oak_log":22,"minecraft:sand":12,"minecraft:dirt":8,"minecraft:deepslate":229,"iceandfire:chared_stone":2,"biomeswevegone:white_anemone":1,"minecraft:diamond_ore":1,"minecraft:tuff":23,"minecraft:mossy_cobblestone":1,"minecraft:deepslate_diamond_ore":2,"alekiships:wood/watercraft_frame/flat/birch":1,"minecraft:stripped_birch_log":21,"biomeswevegone:blue_enchanted_planks":2,"minecraft:sandstone":15,"travelersbackpack:bat":4,"minecraft:redstone_ore":1,"minecraft:furnace":3,"minecraft:andesite":24,"alekiships:cleat":4,"minecraft:deepslate_iron_ore":14,"minecraft:cobblestone_slab":2,"minecraft:vine":5,"minecraft:stripped_oak_log":3,"biomeswevegone:rocky_stone":6,"minecraft:stone":251,"minecraft:white_wool":1,"minecraft:scaffolding":7,"biomeswevegone:overgrown_stone":1,"travelersbackpack:standard":9,"minecraft:crafting_table":12,"minecraft:emerald_ore":4,"biomeswevegone:tall_pink_allium":1,"minecraft:tall_grass":2,"minecraft:copper_ore":3,"minecraft:deepslate_coal_ore":3,"minecraft:deepslate_gold_ore":1,"minecraft:diorite":22,"minecraft:blue_bed":3,"supplementaries:urn":12,"minecraft:purple_bed":1,"minecraft:coarse_dirt":1,"biomeswevegone:tall_white_allium":1,"alekiships:wood/watercraft_frame/angled/oak":1,"minecraft:coal_ore":8,"minecraft:dripstone_block":5,"alekiships:wood/watercraft_frame/angled/birch":6,"minecraft:sunflower":2,"minecraft:gravel":11,"minecraft:cobweb":1,"biomeswevegone:purple_sage":1,"minecraft:stone_bricks":1,"minecraft:mossy_stone_bricks":1,"minecraft:gold_ore":1},"minecraft:crafted":{"minecraft:oak_planks":100,"alekiships:anchor":1,"minecraft:birch_boat":1,"minecraft:cooked_mutton":7,"minecraft:oak_fence":18,"minecraft:oak_slab":6,"minecraft:crafting_table":3,"travelersbackpack:standard":2,"minecraft:clock":1,"minecraft:gold_block":38,"minecraft:birch_planks":44,"minecraft:paper":21,"minecraft:stick":16,"minecraft:iron_ingot":94,"minecraft:iron_pickaxe":5,"minecraft:iron_block":1,"minecraft:stone_sword":1,"sereneseasons:calendar":1,"minecraft:gold_ingot":179,"minecraft:iron_nugget":9,"alekiships:oar":2,"minecraft:furnace":2,"minecraft:bone_meal":15,"minecraft:coal_block":13,"minecraft:blue_bed":2,"minecraft:air":0,"minecraft:white_bed":2,"minecraft:torch":20},"minecraft:killed_by":{"iceandfire:siren":4,"iceandfire:sea_serpent":1,"minecraft:cave_spider":1,"minecraft:zombie":1,"iceandfire:fire_dragon":37},"minecraft:killed":{"minecraft:cave_spider":1,"minecraft:spider":2,"minecraft:skeleton":7,"minecraft:creeper":2,"minecraft:sheep":29,"minecraft:pillager":1,"minecraft:zombie":21,"minecraft:cow":2,"iceandfire:fire_dragon":1,"iceandfire:siren":1},"minecraft:used":{"biomeswevegone:blue_enchanted_planks":2,"biomeswevegone:blueberries":37,"minecraft:iron_sword":49,"minecraft:rotten_flesh":14,"biomeswevegone:blue_enchanted_boat":2,"minecraft:mutton":1,"minecraft:tuff":7,"minecraft:birch_sapling":11,"biomeswevegone:tall_white_allium":1,"alekiships:watercraft_frame_angled":8,"minecraft:stone_bricks":1,"iceandfire:chared_stone":2,"minecraft:scaffolding":9,"minecraft:furnace":3,"alekiships:cleat":9,"minecraft:egg":6,"minecraft:mossy_stone_bricks":2,"minecraft:diorite":4,"minecraft:stone_pickaxe":138,"minecraft:oak_planks":4,"minecraft:sandstone":11,"minecraft:blue_bed":6,"minecraft:sugar_cane":5,"biomeswevegone:white_anemone":3,"minecraft:white_wool":2,"minecraft:golden_apple":1,"minecraft:sand":13,"tombstone:dust_of_vanishing":1,"minecraft:bread":2,"minecraft:string":1,"tombstone:grave_key":3,"minecraft:gravel":7,"minecraft:birch_log":21,"minecraft:coarse_dirt":1,"minecraft:bone_meal":15,"biomeswevegone:rocky_stone":6,"biomeswevegone:clover_patch":1,"minecraft:stone_sword":197,"minecraft:flint_and_steel":51,"biomeswevegone:white_puffball_cap":1,"minecraft:cooked_chicken":2,"travelersbackpack:bat":12,"minecraft:torch":80,"minecraft:dirt":13,"minecraft:flowering_azalea":1,"minecraft:light_weighted_pressure_plate":1,"biomeswevegone:purple_sage":1,"minecraft:bamboo":2,"biomeswevegone:lush_dirt":6,"tombstone:gift":7,"minecraft:cooked_beef":3,"minecraft:cobbled_deepslate":4,"minecraft:light_gray_bed":2,"minecraft:cooked_mutton":35,"biomeswevegone:tall_pink_allium":1,"minecraft:birch_boat":1,"minecraft:mossy_cobblestone":2,"minecraft:oak_slab":4,"minecraft:crafting_table":14,"minecraft:white_bed":9,"biomeswevegone:overgrown_stone":1,"tombstone:bag_of_seeds":1,"minecraft:apple":1,"minecraft:sunflower":6,"minecraft:iron_pickaxe":685,"minecraft:stone_axe":125,"minecraft:cobblestone":4,"travelersbackpack:standard":18,"minecraft:purple_bed":2,"minecraft:cooked_porkchop":3,"biomeswevegone:blue_enchanted_sapling":1},"minecraft:picked_up":{"sereneseasons:calendar":1,"travelersbackpack:bat":5,"minecraft:prismarine_shard":2,"minecraft:lead":1,"minecraft:string":1,"minecraft:raw_copper":58,"minecraft:iron_leggings":1,"minecraft:gold_nugget":1445,"minecraft:cobbled_deepslate":229,"minecraft:cobblestone_slab":2,"minecraft:iron_pickaxe":1,"biomeswevegone:purple_sage":1,"minecraft:furnace":3,"minecraft:blue_wool":6,"minecraft:stick":22,"minecraft:torch":72,"travelersbackpack:iron_tier_upgrade":1,"tombstone:grave_dust":7,"minecraft:diorite":5,"biomeswevegone:water_silk":4,"biomeswevegone:weeping_milkcap":1,"minecraft:stone_sword":1,"minecraft:rotten_flesh":31,"minecraft:light_gray_bed":1,"iceandfire:fire_dragon_heart":1,"biomeswevegone:blue_enchanted_planks":9,"supplementaries:ash":24,"minecraft:cobblestone":191,"minecraft:birch_log":36,"biomeswevegone:lush_dirt":6,"minecraft:feather":1,"minecraft:cooked_beef":3,"minecraft:andesite":7,"minecraft:flint":1,"minecraft:tuff":23,"supplementaries:flax_seeds":4,"minecraft:dirt":2,"minecraft:stripped_birch_log":21,"minecraft:lapis_lazuli":15,"biomeswevegone:flowering_tiny_lily_pads":7,"biomeswevegone:overgrown_stone":1,"minecraft:bone":9,"minecraft:wheat_seeds":5,"minecraft:raw_gold":11,"biomeswevegone:white_anemone":2,"minecraft:mossy_stone_bricks":2,"minecraft:bamboo":2,"minecraft:oak_planks":12,"biomeswevegone:rocky_stone":6,"minecraft:cooked_porkchop":3,"iceandfire:shiny_scales":11,"iceandfire:dragon_skull_fire":1,"minecraft:sand":14,"minecraft:ink_sac":4,"minecraft:mossy_cobblestone":2,"minecraft:diamond":9,"iceandfire:fire_dragon_blood":1,"minecraft:granite":16,"biomeswevegone:blue_enchanted_boat":2,"minecraft:emerald":27,"minecraft:oak_sapling":15,"minecraft:crafting_table":14,"minecraft:coarse_dirt":1,"minecraft:clay_ball":14,"biomeswevegone:tall_white_allium":1,"minecraft:moss_carpet":1,"minecraft:birch_fence":18,"minecraft:sugar_cane":26,"minecraft:birch_sapling":13,"alekiships:cleat":6,"minecraft:egg":6,"minecraft:raw_iron":121,"minecraft:sandstone":11,"iceandfire:dragonbone":9,"iceandfire:dragonscales_gray":17,"minecraft:redstone":48,"minecraft:prismarine_crystals":3,"biomeswevegone:blue_enchanted_sapling":1,"minecraft:diamond_chestplate":1,"minecraft:arrow":4,"biomeswevegone:bistort":1,"minecraft:gold_ingot":115,"minecraft:mutton":9,"minecraft:white_wool":34,"biomeswevegone:white_puffball_spores":2,"minecraft:stripped_oak_log":3,"minecraft:leather":2,"minecraft:birch_planks":55,"biomeswevegone:tall_pink_allium":1,"minecraft:oak_log":22,"minecraft:lily_pad":1,"minecraft:gunpowder":2,"minecraft:blue_bed":3,"biomeswevegone:clover_patch":2,"minecraft:cooked_mutton":40,"minecraft:apple":1,"minecraft:stone_bricks":1,"minecraft:iron_ingot":1,"minecraft:stone_pickaxe":2,"minecraft:cooked_chicken":2,"tombstone:bag_of_seeds":1,"minecraft:flowering_azalea":1,"iceandfire:fire_dragon_flesh":3,"biomeswevegone:white_puffball_cap":1,"minecraft:scaffolding":9,"iceandfire:chared_stone":2,"minecraft:gravel":19,"minecraft:white_bed":7,"travelersbackpack:standard":9,"minecraft:purple_bed":1,"minecraft:stone_axe":1,"minecraft:slime_ball":8,"alekiships:watercraft_frame_angled":7,"biomeswevegone:blue_enchanted_log":3,"biomeswevegone:tiny_lily_pads":2,"biomeswevegone:blueberries":57,"minecraft:coal":97,"biomeswevegone:yellow_birch_sapling":6,"minecraft:sunflower":8},"minecraft:broken":{"minecraft:stone_pickaxe":1,"minecraft:stone_axe":1,"minecraft:stone_sword":1,"minecraft:iron_pickaxe":2}},"DataVersion":3465}