{"stats":{"minecraft:killed_by":{"minecraft:creeper":1,"iceandfire:siren":4,"iceandfire:sea_serpent":1,"minecraft:cave_spider":1,"minecraft:zombie":3,"iceandfire:fire_dragon":57,"minecraft:skeleton":1,"iceandfire:lightning_dragon":59},"minecraft:dropped":{"biomeswevegone:white_puffball_spores":6,"iceandfire:raw_silver":2,"minecraft:birch_planks":43,"minecraft:lapis_lazuli":20,"biomeswevegone:blue_enchanted_log":3,"minecraft:glass_bottle":1,"minecraft:diamond":1,"minecraft:crafting_table":3,"minecraft:cooked_porkchop":7,"minecraft:glow_berries":4,"iceandfire:fire_dragon_flesh":32,"minecraft:leather":2,"travelersbackpack:iron_tier_upgrade":1,"travelersbackpack:standard":4,"minecraft:dirt":11,"minecraft:jungle_sapling":1,"minecraft:gold_nugget":16,"minecraft:sunflower":4,"iceandfire:ash":4,"minecraft:sand":6,"minecraft:iron_pickaxe":8,"sereneseasons:calendar":2,"minecraft:gold_ingot":23,"minecraft:bone":66,"minecraft:gravel":15,"alexsmobs:gazelle_horn":2,"minecraft:cobbled_deepslate":3,"minecraft:birch_sapling":2,"minecraft:rotten_flesh":11,"minecraft:oak_planks":9,"travelersbackpack:bat":1,"minecraft:cooked_mutton":10,"iceandfire:shiny_scales":12,"supplementaries:flax_seeds":7,"minecraft:gunpowder":1,"minecraft:azalea":2,"iceandfire:crackled_cobblestone":5,"minecraft:arrow":2,"alexsmobs:banana":1,"minecraft:iron_ingot":7,"minecraft:wheat_seeds":37,"biomeswevegone:water_silk":4,"minecraft:diamond_leggings":2,"minecraft:prismarine_shard":5,"minecraft:lead":1,"minecraft:iron_helmet":1,"minecraft:cobblestone":593,"minecraft:prismarine_crystals":3,"wardrobe:jungle_boots":1,"minecraft:granite":49,"minecraft:copper_ingot":15,"minecraft:tropical_fish":2,"minecraft:coal":1,"minecraft:stick":8,"tombstone:dust_of_vanishing":1,"minecraft:diorite":23,"minecraft:ink_sac":4,"tombstone:magic_scroll":1,"iceandfire:copper_nugget":243,"minecraft:torch":25,"minecraft:iron_leggings":1,"minecraft:stripped_birch_log":12,"minecraft:flowering_azalea":2,"iceandfire:cannoli":1,"minecraft:lily_pad":1,"minecraft:redstone":29,"minecraft:moss_carpet":7,"minecraft:raw_copper":453,"minecraft:tuff":16,"minecraft:raw_iron":4,"minecraft:clay_ball":34,"minecraft:iron_boots":1,"minecraft:pumpkin_seeds":1,"biomeswevegone:yellow_birch_sapling":6,"minecraft:diamond_sword":1,"minecraft:diamond_chestplate":1,"biomeswevegone:clover_patch":2,"minecraft:bundle":6,"minecraft:iron_chestplate":2,"minecraft:andesite":25,"minecraft:mossy_stone_bricks":2,"minecraft:oak_sapling":37,"biomeswevegone:bistort":1,"minecraft:stone_bricks":4,"minecraft:bamboo":926,"minecraft:diamond_boots":1,"minecraft:slime_ball":16,"minecraft:stone_pickaxe":1,"biomeswevegone:weeping_milkcap":1,"minecraft:bow":3,"minecraft:raw_gold":1,"iceandfire:crackled_stone":14},"minecraft:broken":{"minecraft:iron_boots":2,"minecraft:stone_pickaxe":1,"minecraft:stone_axe":1,"minecraft:stone_sword":1,"minecraft:flint_and_steel":1,"minecraft:iron_pickaxe":2},"minecraft:killed":{"minecraft:cave_spider":1,"minecraft:witch":1,"minecraft:spider":3,"minecraft:skeleton":19,"minecraft:skeleton_horse":1,"minecraft:pig":11,"minecraft:creeper":3,"minecraft:sheep":29,"minecraft:pillager":1,"minecraft:zombie":43,"iceandfire:lightning_dragon":2,"minecraft:cow":6,"iceandfire:fire_dragon":3,"iceandfire:siren":1,"alexsmobs:gazelle":1,"minecraft:enderman":1},"minecraft:custom":{"lootr:looted_stat":38,"minecraft:interact_with_crafting_table":59,"minecraft:leave_game":18,"minecraft:time_since_death":6548,"minecraft:sprint_one_cm":1427253,"minecraft:drop":425,"minecraft:play_time":733249,"minecraft:deaths":130,"minecraft:jump":13473,"minecraft:walk_on_water_one_cm":222764,"minecraft:interact_with_furnace":29,"minecraft:sleep_in_bed":23,"tombstone:sneak_grave":69,"minecraft:damage_dealt":34348,"minecraft:crouch_one_cm":67342,"tombstone:undead_killed":63,"minecraft:interact_with_smithing_table":7,"minecraft:interact_with_anvil":1,"minecraft:mob_kills":132,"tombstone:use_vanishing":1,"minecraft:climb_one_cm":62926,"minecraft:walk_one_cm":970130,"minecraft:sneak_time":26497,"minecraft:walk_under_water_one_cm":116134,"minecraft:boat_one_cm":449515,"minecraft:total_world_time":733249,"tombstone:raider_killed":2,"minecraft:time_since_rest":356,"minecraft:damage_taken":39599,"minecraft:damage_absorbed":80,"minecraft:swim_one_cm":556429,"minecraft:fly_one_cm":2746724,"minecraft:open_chest":29,"minecraft:fall_one_cm":277476},"minecraft:used":{"biomeswevegone:blue_enchanted_planks":2,"biomeswevegone:blueberries":73,"minecraft:poppy":1,"minecraft:iron_sword":133,"minecraft:rotten_flesh":29,"biomeswevegone:blue_enchanted_boat":2,"minecraft:mutton":1,"minecraft:tuff":7,"minecraft:birch_sapling":11,"biomeswevegone:tall_white_allium":1,"alekiships:watercraft_frame_angled":8,"minecraft:stone_bricks":1,"iceandfire:chared_stone":3,"minecraft:scaffolding":9,"minecraft:oak_sapling":2,"minecraft:furnace":5,"alekiships:cleat":9,"minecraft:egg":6,"minecraft:potato":1,"minecraft:mossy_stone_bricks":2,"minecraft:diorite":5,"minecraft:diamond_boots":2,"minecraft:oak_planks":41,"minecraft:stone_pickaxe":138,"wardrobe:jungle_boots":1,"minecraft:sandstone":11,"minecraft:sugar_cane":5,"biomeswevegone:white_anemone":3,"minecraft:blue_bed":6,"minecraft:white_wool":2,"minecraft:golden_apple":3,"minecraft:sand":15,"tombstone:dust_of_vanishing":1,"minecraft:string":2,"minecraft:bread":2,"tombstone:grave_key":10,"minecraft:gravel":26,"minecraft:diamond_sword":445,"minecraft:andesite":28,"minecraft:birch_log":21,"minecraft:coarse_dirt":1,"biomeswevegone:rocky_stone":6,"minecraft:bone_meal":15,"minecraft:experience_bottle":4,"biomeswevegone:clover_patch":1,"minecraft:stone_sword":197,"minecraft:flint_and_steel":82,"travelersbackpack:bat":21,"minecraft:cooked_chicken":2,"biomeswevegone:white_puffball_cap":1,"minecraft:torch":262,"minecraft:dirt":26,"minecraft:diamond_helmet":1,"minecraft:flowering_azalea":1,"minecraft:light_weighted_pressure_plate":1,"biomeswevegone:purple_sage":1,"minecraft:bamboo":2,"minecraft:diamond_chestplate":1,"biomeswevegone:lush_dirt":6,"tombstone:gift":9,"alexsmobs:banana":1,"minecraft:cooked_beef":13,"minecraft:cobbled_deepslate":69,"minecraft:light_gray_bed":6,"minecraft:cooked_mutton":35,"biomeswevegone:tall_pink_allium":1,"minecraft:birch_boat":1,"minecraft:mossy_cobblestone":2,"minecraft:oak_slab":4,"minecraft:crafting_table":19,"minecraft:spider_eye":2,"minecraft:white_bed":9,"biomeswevegone:overgrown_stone":1,"tombstone:bag_of_seeds":1,"minecraft:oak_log":1,"minecraft:apple":2,"minecraft:sunflower":6,"minecraft:iron_pickaxe":1068,"biomeswevegone:flower_patch":1,"minecraft:potion":1,"minecraft:purple_bed":5,"minecraft:stone_axe":125,"iceandfire:crackled_cobblestone":9,"travelersbackpack:standard":28,"minecraft:cobblestone":145,"minecraft:porkchop":3,"minecraft:cooked_porkchop":14,"biomeswevegone:blue_enchanted_sapling":1,"minecraft:diamond_leggings":2},"minecraft:mined":{"biomeswevegone:lush_dirt":4,"minecraft:white_bed":7,"iceandfire:copper_pile":2,"minecraft:jungle_leaves":2,"biomeswevegone:lush_grass_block":1,"biomeswevegone:rainbow_eucalyptus_leaves":22,"minecraft:granite":39,"minecraft:grass_block":6,"minecraft:light_gray_bed":7,"minecraft:blue_wool":6,"iceandfire:crackled_cobblestone":3,"minecraft:tall_seagrass":1,"minecraft:iron_ore":15,"minecraft:cobbled_deepslate":6,"minecraft:fire":87,"minecraft:deepslate_lapis_ore":1,"iceandfire:gold_pile":158,"minecraft:deepslate_redstone_ore":1,"minecraft:clay":3,"minecraft:torch":18,"biomeswevegone:clover_patch":1,"minecraft:cobblestone":26,"minecraft:sugar_cane":7,"minecraft:oak_planks":3,"minecraft:wall_torch":16,"minecraft:deepslate_copper_ore":2,"minecraft:seagrass":1,"iceandfire:crackled_stone":2,"minecraft:birch_log":41,"minecraft:grass":45,"minecraft:oak_log":22,"minecraft:sand":24,"minecraft:dirt":15,"minecraft:deepslate":281,"iceandfire:chared_stone":3,"biomeswevegone:white_anemone":1,"minecraft:diamond_ore":3,"minecraft:tuff":23,"minecraft:mossy_cobblestone":1,"minecraft:deepslate_diamond_ore":8,"alekiships:wood/watercraft_frame/flat/birch":1,"minecraft:stripped_birch_log":21,"minecraft:glow_lichen":1,"biomeswevegone:blue_enchanted_planks":2,"minecraft:sandstone":15,"travelersbackpack:bat":5,"minecraft:redstone_ore":1,"minecraft:furnace":4,"minecraft:andesite":59,"alekiships:cleat":4,"minecraft:deepslate_iron_ore":14,"minecraft:cobblestone_slab":2,"minecraft:vine":5,"minecraft:stripped_oak_log":3,"biomeswevegone:rocky_stone":6,"minecraft:bamboo":30,"minecraft:stone":457,"minecraft:white_wool":1,"minecraft:scaffolding":7,"biomeswevegone:overgrown_stone":1,"travelersbackpack:standard":10,"minecraft:crafting_table":18,"minecraft:emerald_ore":4,"biomeswevegone:tall_pink_allium":1,"minecraft:tall_grass":2,"minecraft:copper_ore":5,"minecraft:deepslate_coal_ore":3,"minecraft:deepslate_gold_ore":1,"minecraft:diorite":43,"minecraft:blue_bed":3,"supplementaries:urn":24,"minecraft:purple_bed":4,"minecraft:coarse_dirt":1,"biomeswevegone:tall_white_allium":1,"alekiships:wood/watercraft_frame/angled/oak":1,"biomeswevegone:flower_patch":1,"minecraft:coal_ore":9,"alekiships:wood/watercraft_frame/angled/birch":6,"minecraft:sunflower":2,"minecraft:gravel":30,"minecraft:dripstone_block":5,"minecraft:cobweb":1,"biomeswevegone:purple_sage":1,"minecraft:stone_bricks":1,"minecraft:mossy_stone_bricks":1,"minecraft:gold_ore":2,"minecraft:fern":2},"minecraft:picked_up":{"sereneseasons:calendar":1,"minecraft:iron_chestplate":2,"travelersbackpack:bat":6,"minecraft:prismarine_shard":2,"minecraft:lead":1,"minecraft:diamond_sword":1,"minecraft:potion":1,"minecraft:enchanted_book":1,"iceandfire:myrmex_jungle_chitin":1,"iceandfire:manuscript":27,"alexsmobs:gazelle_horn":3,"minecraft:string":2,"minecraft:raw_copper":423,"minecraft:iron_leggings":3,"alexsmobs:banana":2,"minecraft:diamond_leggings":5,"minecraft:gold_nugget":1466,"minecraft:cobbled_deepslate":292,"minecraft:cobblestone_slab":2,"minecraft:azalea":2,"minecraft:iron_pickaxe":2,"biomeswevegone:purple_sage":1,"minecraft:iron_boots":2,"minecraft:furnace":4,"minecraft:blue_wool":6,"minecraft:stick":29,"minecraft:torch":103,"travelersbackpack:iron_tier_upgrade":2,"minecraft:porkchop":13,"tombstone:grave_dust":15,"minecraft:diorite":28,"biomeswevegone:water_silk":4,"biomeswevegone:weeping_milkcap":1,"minecraft:stone_sword":1,"minecraft:light_gray_bed":6,"minecraft:rotten_flesh":53,"minecraft:tropical_fish":2,"supplementaries:antique_ink":4,"iceandfire:fire_dragon_heart":2,"wardrobe:jungle_boots":1,"supplementaries:ash":51,"biomeswevegone:blue_enchanted_planks":9,"minecraft:obsidian":9,"minecraft:cobblestone":828,"minecraft:birch_log":36,"biomeswevegone:lush_dirt":6,"minecraft:feather":1,"minecraft:cooked_beef":17,"minecraft:andesite":53,"minecraft:jungle_log":34,"minecraft:potato":1,"minecraft:flint":6,"minecraft:tuff":23,"supplementaries:flax_seeds":4,"travelersbackpack:gold_tier_upgrade":1,"minecraft:lapis_lazuli":35,"minecraft:stripped_birch_log":21,"minecraft:dirt":20,"biomeswevegone:overgrown_stone":1,"biomeswevegone:flowering_tiny_lily_pads":7,"minecraft:bone":23,"iceandfire:myrmex_jungle_resin":1,"minecraft:bow":3,"minecraft:wheat_seeds":27,"minecraft:raw_gold":14,"biomeswevegone:white_anemone":2,"minecraft:mossy_stone_bricks":4,"minecraft:diamond_helmet":2,"minecraft:bamboo":627,"minecraft:oak_planks":13,"biomeswevegone:flower_patch":1,"minecraft:cooked_porkchop":11,"biomeswevegone:rocky_stone":6,"iceandfire:dragon_skull_fire":2,"iceandfire:shiny_scales":11,"minecraft:sand":28,"minecraft:ink_sac":4,"minecraft:mossy_cobblestone":2,"minecraft:bundle":9,"minecraft:diamond":29,"iceandfire:fire_dragon_blood":1,"iceandfire:crackled_stone":13,"minecraft:granite":49,"biomeswevegone:blue_enchanted_boat":2,"minecraft:emerald":36,"minecraft:oak_sapling":34,"iceandfire:raw_silver":2,"minecraft:coarse_dirt":1,"minecraft:crafting_table":20,"minecraft:clay_ball":26,"biomeswevegone:tall_white_allium":1,"minecraft:moss_carpet":7,"minecraft:birch_fence":18,"minecraft:jungle_sapling":2,"minecraft:sugar_cane":26,"minecraft:birch_sapling":13,"alekiships:cleat":6,"minecraft:egg":6,"iceandfire:dragonscales_green":15,"minecraft:raw_iron":123,"minecraft:sandstone":11,"iceandfire:dragonbone":23,"iceandfire:dragonscales_gray":17,"minecraft:redstone":77,"minecraft:prismarine_crystals":3,"biomeswevegone:blue_enchanted_sapling":1,"minecraft:diamond_chestplate":5,"minecraft:arrow":14,"biomeswevegone:bistort":1,"minecraft:diamond_boots":2,"minecraft:gold_ingot":115,"minecraft:glow_berries":4,"minecraft:mutton":9,"minecraft:skeleton_skull":1,"minecraft:white_wool":34,"biomeswevegone:white_puffball_spores":2,"minecraft:stripped_oak_log":3,"minecraft:leather":9,"minecraft:birch_planks":55,"biomeswevegone:tall_pink_allium":1,"minecraft:oak_log":23,"minecraft:lily_pad":1,"minecraft:gunpowder":2,"minecraft:blue_bed":3,"biomeswevegone:clover_patch":2,"minecraft:cooked_mutton":40,"minecraft:apple":2,"minecraft:stone_bricks":5,"iceandfire:cannoli":1,"minecraft:iron_ingot":17,"minecraft:stone_pickaxe":2,"minecraft:cooked_chicken":2,"tombstone:bag_of_seeds":1,"minecraft:flowering_azalea":3,"biomeswevegone:white_puffball_cap":1,"iceandfire:fire_dragon_flesh":41,"iceandfire:crackled_cobblestone":10,"minecraft:scaffolding":9,"iceandfire:chared_stone":3,"iceandfire:copper_nugget":276,"iceandfire:ash":4,"minecraft:gravel":42,"minecraft:white_bed":7,"minecraft:spider_eye":3,"travelersbackpack:standard":10,"minecraft:purple_bed":4,"minecraft:slime_ball":8,"alekiships:watercraft_frame_angled":7,"minecraft:stone_axe":1,"minecraft:iron_helmet":3,"biomeswevegone:blue_enchanted_log":3,"biomeswevegone:tiny_lily_pads":2,"biomeswevegone:blueberries":57,"tombstone:magic_scroll":1,"minecraft:coal":127,"biomeswevegone:yellow_birch_sapling":6,"minecraft:sunflower":8},"minecraft:crafted":{"minecraft:oak_planks":100,"alekiships:anchor":1,"minecraft:birch_boat":1,"travelersbackpack:bat":2,"minecraft:cooked_mutton":7,"minecraft:glass":12,"tombstone:grave_key":8,"minecraft:chest":1,"minecraft:oak_fence":18,"minecraft:glass_bottle":3,"minecraft:oak_slab":6,"minecraft:cooked_porkchop":10,"minecraft:crafting_table":3,"travelersbackpack:standard":2,"minecraft:clock":1,"minecraft:copper_ingot":15,"minecraft:gold_block":38,"minecraft:birch_planks":60,"minecraft:paper":21,"minecraft:stick":64,"minecraft:iron_ingot":112,"minecraft:iron_pickaxe":9,"minecraft:iron_block":17,"minecraft:stone_sword":1,"sereneseasons:calendar":1,"minecraft:gold_ingot":201,"minecraft:coal":117,"minecraft:iron_nugget":9,"alekiships:oar":2,"minecraft:furnace":3,"minecraft:bone_meal":15,"travelersbackpack:blank_upgrade":4,"minecraft:flint_and_steel":1,"travelersbackpack:diamond_tier_upgrade":2,"minecraft:coal_block":21,"travelersbackpack:backpack_tank":2,"minecraft:blue_bed":2,"minecraft:air":0,"minecraft:white_bed":2,"minecraft:torch":180}},"DataVersion":3465}