{"stats":{"minecraft:dropped":{"minecraft:enchanted_book":1,"travelersbackpack:gold_tier_upgrade":1,"iceandfire:lightning_dragon_blood":3,"minecraft:iron_block":15,"minecraft:amethyst_shard":16,"minecraft:leather":4,"iceandfire:fire_dragon_heart":1,"travelersbackpack:iron_tier_upgrade":1,"iceandfire:fire_dragon_blood":2,"iceandfire:lightning_dragon_heart":1,"minecraft:diamond":30,"travelersbackpack:diamond_tier_upgrade":1,"minecraft:coal_block":15,"iceandfire:shiny_scales":15},"minecraft:custom":{"minecraft:time_since_rest":13040,"minecraft:interact_with_smithing_table":3,"minecraft:crouch_one_cm":371,"minecraft:sprint_one_cm":273,"lootr:looted_stat":2,"minecraft:play_time":13040,"minecraft:damage_taken":110,"minecraft:walk_one_cm":1998,"minecraft:sneak_time":119,"minecraft:drop":15,"minecraft:jump":30,"minecraft:leave_game":2,"minecraft:time_since_death":13040,"minecraft:total_world_time":13040,"minecraft:fall_one_cm":1947,"minecraft:fly_one_cm":1345},"minecraft:used":{"minecraft:smithing_table":1}},"DataVersion":3465}