{"stats":{"minecraft:custom":{"minecraft:jump":14,"minecraft:time_since_rest":3203,"minecraft:interact_with_smithing_table":3,"minecraft:leave_game":1,"minecraft:crouch_one_cm":177,"lootr:looted_stat":2,"minecraft:sprint_one_cm":210,"minecraft:play_time":3203,"minecraft:damage_taken":110,"minecraft:time_since_death":3203,"minecraft:walk_one_cm":1008,"minecraft:sneak_time":67,"minecraft:total_world_time":3203,"minecraft:fall_one_cm":1947,"minecraft:fly_one_cm":1178},"minecraft:used":{"minecraft:smithing_table":1}},"DataVersion":3465}