{"stats":{"minecraft:killed_by":{"iceandfire:siren":1,"iceandfire:sea_serpent":1,"minecraft:skeleton":1,"minecraft:zombie":2,"iceandfire:fire_dragon":22},"minecraft:dropped":{"biomeswevegone:white_puffball_spores":3,"biomeswevegone:blue_enchanted_sapling":4,"biomeswevegone:blue_enchanted_planks":7,"biomeswevegone:purple_sage":1,"minecraft:birch_planks":7,"minecraft:oak_log":2,"biomeswevegone:cattail_sprout":1,"minecraft:mossy_cobblestone":2,"minecraft:cooked_porkchop":3,"minecraft:cobblestone":56,"minecraft:rail":1,"travelersbackpack:standard":1,"minecraft:flint":1,"minecraft:birch_fence":18,"minecraft:diorite":17,"minecraft:mutton":2,"minecraft:fire_charge":2,"minecraft:sunflower":2,"minecraft:sand":9,"minecraft:white_wool":1,"minecraft:gravel":1,"minecraft:stone_axe":1,"minecraft:kelp":3,"minecraft:cooked_chicken":1,"minecraft:stone_sword":2,"minecraft:rotten_flesh":10,"minecraft:clay_ball":64,"biomeswevegone:lush_dirt":2,"minecraft:salmon":1,"biomeswevegone:clover_patch":2,"minecraft:slime_ball":8,"minecraft:stone_pickaxe":3,"minecraft:egg":2},"minecraft:broken":{"minecraft:stone_sword":1,"minecraft:wooden_pickaxe":1,"minecraft:stone_pickaxe":1,"minecraft:stone_axe":1,"minecraft:wooden_axe":1,"minecraft:golden_chestplate":1},"minecraft:killed":{"alexsmobs:seagull":1,"minecraft:skeleton":1,"iceandfire:siren":1,"minecraft:pig":2,"minecraft:sheep":1,"minecraft:zombie":2,"minecraft:cow":4},"minecraft:custom":{"minecraft:interact_with_smithing_table":1,"lootr:looted_stat":5,"minecraft:mob_kills":15,"minecraft:interact_with_crafting_table":16,"minecraft:open_barrel":1,"minecraft:leave_game":7,"minecraft:time_since_death":11480,"minecraft:climb_one_cm":20100,"minecraft:sprint_one_cm":165678,"minecraft:walk_one_cm":627074,"minecraft:drop":64,"minecraft:talked_to_villager":1,"minecraft:play_time":229810,"minecraft:deaths":28,"minecraft:sneak_time":4896,"minecraft:walk_under_water_one_cm":85509,"minecraft:boat_one_cm":349250,"minecraft:jump":2211,"minecraft:walk_on_water_one_cm":99344,"minecraft:total_world_time":229810,"minecraft:interact_with_furnace":5,"minecraft:interact_with_cartography_table":1,"minecraft:sleep_in_bed":5,"minecraft:time_since_rest":10908,"minecraft:damage_taken":8269,"minecraft:damage_dealt":4173,"minecraft:swim_one_cm":112372,"minecraft:fly_one_cm":388836,"minecraft:crouch_one_cm":12599,"tombstone:undead_killed":3,"minecraft:fall_one_cm":43603},"minecraft:used":{"minecraft:stone_sword":135,"biomeswevegone:blue_enchanted_planks":2,"biomeswevegone:blueberries":1,"biomeswevegone:blue_enchanted_boat":1,"minecraft:stick":1,"minecraft:torch":3,"minecraft:jungle_planks":3,"minecraft:wooden_axe":94,"minecraft:jungle_log":1,"alekiships:watercraft_frame_angled":8,"alekiships:watercraft_frame_flat":2,"minecraft:scaffolding":2,"alekiships:cleat":2,"tombstone:gift":4,"minecraft:cooked_beef":6,"minecraft:cooked_mutton":4,"minecraft:birch_planks":2,"minecraft:stone_pickaxe":129,"minecraft:wooden_pickaxe":59,"minecraft:sandstone":6,"minecraft:blue_bed":3,"minecraft:golden_hoe":12,"minecraft:sand":6,"minecraft:crafting_table":4,"minecraft:white_bed":1,"minecraft:oak_log":9,"minecraft:apple":1,"minecraft:iron_pickaxe":52,"minecraft:bread":3,"minecraft:gravel":6,"minecraft:stone_axe":144,"travelersbackpack:standard":6,"minecraft:cobblestone":29,"minecraft:orange_banner":1,"minecraft:birch_log":8},"minecraft:picked_up":{"minecraft:crafting_table":4,"minecraft:clay_ball":120,"minecraft:anvil":3,"minecraft:prismarine_shard":5,"minecraft:smithing_table":2,"minecraft:enchanted_book":1,"minecraft:orange_banner":2,"minecraft:cartography_table":1,"alexsmobs:banana":1,"minecraft:jungle_sapling":3,"minecraft:azalea":3,"minecraft:iron_pickaxe":1,"biomeswevegone:purple_sage":1,"minecraft:birch_sapling":5,"alekiships:cleat":3,"minecraft:egg":2,"minecraft:stick":26,"minecraft:raw_iron":55,"minecraft:sandstone":6,"minecraft:torch":4,"tombstone:grave_dust":2,"minecraft:diorite":17,"minecraft:prismarine_crystals":7,"biomeswevegone:blue_enchanted_sapling":4,"minecraft:stone_sword":1,"minecraft:rotten_flesh":10,"supplementaries:ash":22,"biomeswevegone:blue_enchanted_planks":2,"minecraft:glow_berries":1,"minecraft:mutton":3,"minecraft:cobblestone":167,"minecraft:rail":1,"alexsmobs:flying_fish":3,"minecraft:white_wool":1,"biomeswevegone:white_puffball_spores":3,"minecraft:birch_log":97,"biomeswevegone:lush_dirt":2,"minecraft:feather":2,"minecraft:cooked_beef":6,"minecraft:andesite":1,"minecraft:salmon":1,"minecraft:jungle_log":7,"minecraft:leather":3,"minecraft:birch_planks":74,"minecraft:flint":1,"minecraft:oak_log":35,"biomeswevegone:imbued_blue_enchanted_wood":2,"minecraft:stripped_birch_log":25,"minecraft:dirt":16,"minecraft:blue_bed":3,"biomeswevegone:clover_patch":2,"minecraft:cooked_mutton":10,"minecraft:bone":11,"minecraft:apple":1,"minecraft:stone_bricks":1,"minecraft:kelp":3,"minecraft:raw_gold":4,"minecraft:stone_pickaxe":2,"minecraft:cooked_chicken":1,"minecraft:bamboo":36,"minecraft:oak_planks":7,"minecraft:scaffolding":2,"alekiships:watercraft_frame_flat":2,"minecraft:cooked_porkchop":3,"minecraft:gravel":7,"iceandfire:shiny_scales":6,"minecraft:jungle_planks":7,"minecraft:sand":15,"minecraft:white_bed":1,"minecraft:mossy_cobblestone":2,"travelersbackpack:standard":7,"biomeswevegone:aspen_log":3,"minecraft:slime_ball":16,"alekiships:watercraft_frame_angled":9,"minecraft:granite":2,"biomeswevegone:blue_enchanted_log":50,"minecraft:emerald":4,"biomeswevegone:blueberries":14,"minecraft:oak_sapling":7,"sereneseasons:calendar":1,"minecraft:coal":53,"biomeswevegone:yellow_birch_sapling":20,"iceandfire:raw_silver":6,"minecraft:sunflower":1},"minecraft:mined":{"biomeswevegone:white_anemone":1,"biomeswevegone:lush_dirt":1,"minecraft:white_bed":1,"iceandfire:silver_ore":6,"minecraft:mossy_cobblestone":1,"alekiships:wood/watercraft_frame/flat/birch":1,"minecraft:jungle_leaves":6,"minecraft:stripped_birch_log":13,"biomeswevegone:blue_enchanted_log":57,"biomeswevegone:lush_grass_block":2,"biomeswevegone:bistort":1,"minecraft:orange_banner":1,"minecraft:glow_lichen":1,"minecraft:granite":3,"travelersbackpack:red_sleeping_bag":1,"minecraft:grass_block":1,"minecraft:jungle_planks":3,"minecraft:jungle_log":7,"biomeswevegone:blue_enchanted_planks":2,"minecraft:kelp":1,"minecraft:moss_block":1,"minecraft:cartography_table":1,"minecraft:sandstone":2,"alekiships:watercraft_frame_angled":3,"biomeswevegone:imbued_blue_enchanted_wood":2,"minecraft:iron_ore":12,"minecraft:andesite":1,"minecraft:moss_carpet":1,"minecraft:anvil":3,"alekiships:cleat":1,"supplementaries:stick":1,"minecraft:deepslate_iron_ore":2,"minecraft:bamboo":2,"minecraft:stone":143,"minecraft:podzol":1,"minecraft:smithing_table":2,"minecraft:scaffolding":1,"minecraft:kelp_plant":1,"minecraft:torch":2,"travelersbackpack:standard":2,"minecraft:clay":28,"minecraft:crafting_table":3,"biomeswevegone:aspen_log":3,"biomeswevegone:clover_patch":1,"minecraft:cobblestone":8,"minecraft:deepslate_coal_ore":4,"minecraft:lapis_ore":1,"minecraft:diorite":17,"minecraft:wall_torch":1,"biomeswevegone:white_puffball":1,"minecraft:blue_bed":4,"supplementaries:urn":7,"minecraft:birch_planks":2,"minecraft:birch_log":99,"alekiships:wood/watercraft_frame/angled/oak":2,"biomeswevegone:blueberry_bush":1,"minecraft:grass":6,"minecraft:oak_log":33,"minecraft:coal_ore":6,"alekiships:wood/watercraft_frame/angled/birch":4,"minecraft:sunflower":2,"minecraft:gravel":8,"minecraft:sand":9,"minecraft:dirt":14,"biomeswevegone:purple_sage":1,"minecraft:stone_bricks":1,"minecraft:gold_ore":1,"minecraft:orange_wall_banner":1,"minecraft:mossy_stone_bricks":1,"minecraft:deepslate":2},"minecraft:crafted":{"minecraft:oak_planks":28,"minecraft:stone_pickaxe":2,"biomeswevegone:blue_enchanted_planks":32,"minecraft:crafting_table":1,"biomeswevegone:blue_enchanted_boat":1,"minecraft:wooden_pickaxe":1,"minecraft:birch_planks":132,"minecraft:stone_axe":2,"minecraft:air":0,"minecraft:jungle_planks":24,"minecraft:birch_fence":18,"minecraft:stick":28,"minecraft:iron_ingot":2,"minecraft:wooden_axe":2,"minecraft:stone_sword":3,"biomeswevegone:aspen_planks":12}},"DataVersion":3465}