{"stats":{"minecraft:custom":{"lootr:looted_stat":34,"minecraft:interact_with_crafting_table":41,"minecraft:open_barrel":1,"minecraft:leave_game":12,"minecraft:time_since_death":16026,"minecraft:sprint_one_cm":372378,"minecraft:drop":147,"minecraft:talked_to_villager":1,"minecraft:play_time":512762,"minecraft:deaths":63,"minecraft:jump":5507,"minecraft:walk_on_water_one_cm":190643,"minecraft:interact_with_furnace":15,"minecraft:interact_with_cartography_table":1,"minecraft:sleep_in_bed":11,"tombstone:sneak_grave":2,"minecraft:damage_dealt":17444,"minecraft:crouch_one_cm":63194,"tombstone:undead_killed":39,"minecraft:interact_with_smithing_table":2,"minecraft:mob_kills":62,"minecraft:interact_with_anvil":1,"tombstone:use_vanishing":1,"minecraft:climb_one_cm":27983,"minecraft:walk_one_cm":1407940,"minecraft:sneak_time":23190,"minecraft:walk_under_water_one_cm":171665,"minecraft:boat_one_cm":349250,"minecraft:total_world_time":512762,"tombstone:raider_killed":1,"minecraft:time_since_rest":15545,"minecraft:damage_taken":18940,"minecraft:swim_one_cm":188919,"minecraft:fly_one_cm":922881,"minecraft:open_chest":8,"minecraft:fall_one_cm":99180},"minecraft:dropped":{"iceandfire:chared_stone":4,"biomeswevegone:white_puffball_spores":3,"minecraft:iron_sword":1,"minecraft:birch_planks":7,"minecraft:oak_log":2,"minecraft:crafting_table":3,"minecraft:cooked_porkchop":3,"travelersbackpack:iron_tier_upgrade":3,"travelersbackpack:standard":1,"minecraft:rail":1,"minecraft:flint":1,"minecraft:birch_fence":18,"minecraft:mutton":2,"minecraft:gold_nugget":1,"minecraft:sunflower":2,"minecraft:sand":9,"iceandfire:fire_dragon_blood":2,"minecraft:iron_pickaxe":3,"minecraft:white_wool":1,"minecraft:gold_ingot":111,"minecraft:armor_stand":2,"minecraft:gravel":4,"minecraft:stone_axe":1,"minecraft:cooked_chicken":1,"minecraft:rotten_flesh":31,"minecraft:oak_planks":23,"travelersbackpack:bat":1,"biomeswevegone:lush_dirt":2,"minecraft:salmon":1,"supplementaries:ash":1,"minecraft:azalea":2,"minecraft:scaffolding":8,"minecraft:egg":2,"minecraft:iron_ingot":8,"biomeswevegone:blue_enchanted_planks":7,"biomeswevegone:blue_enchanted_sapling":4,"biomeswevegone:purple_sage":1,"biomeswevegone:cattail_sprout":1,"minecraft:mossy_cobblestone":3,"minecraft:diamond_leggings":1,"minecraft:prismarine_shard":2,"minecraft:iron_helmet":1,"minecraft:cobblestone":206,"minecraft:prismarine_crystals":4,"minecraft:granite":32,"minecraft:coal":7,"minecraft:diorite":48,"tombstone:magic_scroll":1,"minecraft:diamond_helmet":2,"minecraft:fire_charge":2,"minecraft:iron_leggings":4,"iceandfire:cannoli":1,"minecraft:string":2,"minecraft:furnace":1,"minecraft:moss_carpet":3,"minecraft:kelp":3,"minecraft:stone_sword":2,"minecraft:raw_copper":64,"minecraft:raw_iron":13,"minecraft:clay_ball":64,"minecraft:iron_boots":2,"minecraft:diamond_chestplate":2,"biomeswevegone:clover_patch":2,"iceandfire:chared_cobblestone":10,"minecraft:iron_chestplate":2,"minecraft:andesite":29,"minecraft:light_gray_bed":1,"minecraft:stone_bricks":1,"minecraft:slime_ball":8,"minecraft:stone_pickaxe":3,"minecraft:raw_gold":2},"minecraft:mined":{"biomeswevegone:lush_dirt":1,"minecraft:white_bed":1,"minecraft:jungle_leaves":6,"biomeswevegone:blue_enchanted_log":57,"biomeswevegone:lush_grass_block":2,"minecraft:granite":63,"travelersbackpack:red_sleeping_bag":1,"minecraft:grass_block":1,"minecraft:jungle_log":7,"alekiships:watercraft_frame_angled":3,"minecraft:iron_ore":13,"minecraft:fire":1,"minecraft:moss_carpet":1,"minecraft:anvil":4,"supplementaries:stick":1,"iceandfire:gold_pile":58,"minecraft:azalea":1,"iceandfire:chared_cobblestone":11,"minecraft:kelp_plant":1,"minecraft:clay":28,"minecraft:torch":9,"biomeswevegone:aspen_log":3,"biomeswevegone:clover_patch":1,"minecraft:cobblestone":14,"biomeswevegone:white_puffball":1,"minecraft:wall_torch":6,"minecraft:deepslate_copper_ore":1,"minecraft:birch_log":99,"biomeswevegone:blueberry_bush":1,"minecraft:grass":12,"minecraft:oak_log":33,"minecraft:sand":37,"minecraft:dirt":33,"minecraft:deepslate":25,"iceandfire:chared_stone":27,"biomeswevegone:white_anemone":1,"minecraft:diamond_ore":2,"iceandfire:silver_ore":7,"minecraft:mossy_cobblestone":1,"alekiships:wood/watercraft_frame/flat/birch":1,"minecraft:stripped_birch_log":13,"biomeswevegone:bistort":1,"minecraft:orange_banner":1,"minecraft:glow_lichen":1,"minecraft:jungle_planks":3,"biomeswevegone:blue_enchanted_planks":2,"minecraft:cartography_table":1,"minecraft:moss_block":1,"minecraft:kelp":1,"minecraft:sandstone":2,"minecraft:spore_blossom":1,"minecraft:redstone_ore":1,"biomeswevegone:imbued_blue_enchanted_wood":2,"minecraft:furnace":1,"minecraft:andesite":60,"alekiships:cleat":1,"minecraft:deepslate_iron_ore":2,"minecraft:vine":7,"minecraft:bamboo":2,"minecraft:stone":949,"minecraft:podzol":1,"minecraft:smithing_table":3,"minecraft:scaffolding":1,"travelersbackpack:standard":4,"minecraft:crafting_table":4,"minecraft:emerald_ore":7,"minecraft:tall_grass":1,"minecraft:copper_ore":5,"minecraft:deepslate_coal_ore":4,"minecraft:lapis_ore":2,"minecraft:diorite":77,"minecraft:blue_bed":4,"supplementaries:urn":8,"minecraft:birch_planks":2,"minecraft:purple_bed":2,"alekiships:wood/watercraft_frame/angled/oak":2,"iceandfire:ash":1,"minecraft:coal_ore":12,"alekiships:wood/watercraft_frame/angled/birch":4,"minecraft:sunflower":2,"minecraft:gravel":13,"minecraft:dripstone_block":4,"minecraft:cobweb":46,"biomeswevegone:purple_sage":1,"minecraft:stone_bricks":3,"minecraft:orange_wall_banner":1,"minecraft:mossy_stone_bricks":2,"minecraft:gold_ore":1},"minecraft:crafted":{"minecraft:oak_planks":28,"minecraft:glass":25,"minecraft:chest":3,"minecraft:glass_bottle":6,"travelersbackpack:iron_tier_upgrade":2,"minecraft:crafting_table":1,"minecraft:wooden_pickaxe":1,"minecraft:birch_planks":132,"minecraft:emerald_block":1,"minecraft:birch_fence":18,"minecraft:stick":28,"minecraft:iron_ingot":33,"minecraft:iron_pickaxe":1,"minecraft:iron_block":8,"minecraft:stone_sword":3,"minecraft:gold_ingot":47,"minecraft:furnace":1,"travelersbackpack:blank_upgrade":4,"minecraft:stone_pickaxe":2,"minecraft:lead":8,"minecraft:coal_block":10,"biomeswevegone:blue_enchanted_planks":32,"biomeswevegone:blue_enchanted_boat":1,"travelersbackpack:backpack_tank":2,"minecraft:iron_sword":1,"minecraft:stone_axe":2,"minecraft:air":0,"minecraft:jungle_planks":24,"minecraft:wooden_axe":2,"minecraft:torch":24,"biomeswevegone:aspen_planks":12},"minecraft:killed_by":{"minecraft:creeper":2,"iceandfire:siren":1,"iceandfire:sea_serpent":1,"minecraft:zombie":3,"iceandfire:fire_dragon":41,"minecraft:skeleton":1,"iceandfire:lightning_dragon":13},"minecraft:killed":{"minecraft:witch":1,"minecraft:spider":1,"minecraft:skeleton":12,"minecraft:pig":2,"minecraft:sheep":1,"minecraft:zombie":25,"alexsmobs:fly":1,"minecraft:cow":9,"alexsmobs:seagull":1,"iceandfire:fire_dragon":1,"iceandfire:siren":2,"minecraft:drowned":2},"minecraft:used":{"biomeswevegone:blue_enchanted_planks":2,"biomeswevegone:blueberries":1,"minecraft:chest":2,"minecraft:iron_sword":129,"biomeswevegone:blue_enchanted_boat":1,"minecraft:jungle_planks":3,"alekiships:watercraft_frame_angled":8,"minecraft:bow":9,"alekiships:watercraft_frame_flat":2,"minecraft:scaffolding":2,"minecraft:furnace":1,"alekiships:cleat":2,"minecraft:egg":1,"minecraft:stone_pickaxe":129,"minecraft:wooden_pickaxe":59,"minecraft:sandstone":6,"minecraft:blue_bed":3,"minecraft:golden_hoe":12,"minecraft:sand":9,"minecraft:bread":7,"tombstone:grave_key":11,"minecraft:gravel":9,"minecraft:diamond_sword":177,"iceandfire:dragon_skull_fire":1,"minecraft:smithing_table":1,"minecraft:andesite":1,"minecraft:birch_log":8,"minecraft:stone_sword":212,"minecraft:stick":1,"minecraft:torch":47,"minecraft:dirt":3,"minecraft:anvil":1,"minecraft:wooden_axe":94,"minecraft:jungle_log":1,"tombstone:gift":5,"minecraft:cooked_beef":15,"minecraft:cobbled_deepslate":10,"minecraft:light_gray_bed":1,"minecraft:cooked_mutton":11,"minecraft:birch_planks":2,"minecraft:glass_bottle":6,"iceandfire:dragon_skull_lightning":2,"minecraft:crafting_table":5,"minecraft:white_bed":1,"minecraft:oak_log":9,"minecraft:apple":1,"minecraft:iron_pickaxe":1206,"minecraft:stone_axe":144,"travelersbackpack:standard":12,"minecraft:purple_bed":2,"minecraft:cobblestone":140,"minecraft:potion":5,"minecraft:orange_banner":1},"minecraft:picked_up":{"sereneseasons:calendar":1,"minecraft:iron_chestplate":3,"travelersbackpack:bat":1,"minecraft:anvil":4,"minecraft:prismarine_shard":7,"minecraft:smithing_table":3,"minecraft:lead":1,"minecraft:enchanted_book":1,"minecraft:string":47,"minecraft:raw_copper":279,"minecraft:iron_leggings":3,"minecraft:armor_stand":2,"alexsmobs:banana":1,"minecraft:gold_nugget":424,"minecraft:cobbled_deepslate":27,"minecraft:azalea":5,"minecraft:iron_pickaxe":9,"biomeswevegone:purple_sage":1,"minecraft:furnace":1,"minecraft:iron_boots":2,"minecraft:stick":34,"minecraft:torch":16,"travelersbackpack:iron_tier_upgrade":2,"tombstone:grave_dust":7,"minecraft:diorite":95,"minecraft:stone_sword":1,"minecraft:rotten_flesh":32,"minecraft:light_gray_bed":2,"iceandfire:fire_dragon_heart":1,"biomeswevegone:blue_enchanted_planks":2,"supplementaries:ash":23,"minecraft:cobblestone":656,"alexsmobs:flying_fish":3,"minecraft:birch_log":97,"biomeswevegone:lush_dirt":2,"minecraft:feather":2,"minecraft:cooked_beef":16,"minecraft:andesite":66,"minecraft:jungle_log":7,"minecraft:flint":1,"iceandfire:dragonscales_bronze":36,"minecraft:stripped_birch_log":25,"minecraft:dirt":42,"minecraft:bone":32,"minecraft:bow":1,"minecraft:wheat_seeds":4,"minecraft:raw_gold":6,"minecraft:diamond_helmet":2,"minecraft:bamboo":36,"minecraft:oak_planks":16,"minecraft:cooked_porkchop":3,"iceandfire:dragon_skull_fire":3,"iceandfire:shiny_scales":8,"minecraft:jungle_planks":27,"minecraft:sand":46,"iceandfire:lightning_dragon_heart":1,"minecraft:mossy_cobblestone":3,"iceandfire:chared_cobblestone":11,"minecraft:diamond":1,"iceandfire:fire_dragon_blood":1,"minecraft:granite":54,"minecraft:emerald":12,"alexsmobs:maggot":1,"minecraft:oak_sapling":7,"iceandfire:raw_silver":6,"iceandfire:dragon_skull_lightning":3,"minecraft:crafting_table":7,"tombstone:dust_of_vanishing":1,"minecraft:clay_ball":120,"minecraft:orange_banner":2,"minecraft:moss_carpet":3,"minecraft:cartography_table":1,"minecraft:beef":10,"minecraft:jungle_sapling":3,"iceandfire:dragonscales_electric":32,"minecraft:birch_sapling":5,"alekiships:cleat":3,"minecraft:egg":3,"iceandfire:dragonscales_green":10,"iceandfire:dragonbone":55,"minecraft:raw_iron":68,"minecraft:sandstone":6,"minecraft:prismarine_crystals":11,"biomeswevegone:blue_enchanted_sapling":4,"minecraft:diamond_chestplate":1,"minecraft:arrow":27,"minecraft:glow_berries":1,"minecraft:mutton":3,"minecraft:white_wool":2,"minecraft:rail":1,"biomeswevegone:white_puffball_spores":3,"minecraft:salmon":1,"minecraft:leather":9,"minecraft:birch_planks":74,"minecraft:oak_log":35,"biomeswevegone:imbued_blue_enchanted_wood":2,"minecraft:blue_bed":3,"biomeswevegone:clover_patch":2,"minecraft:cooked_mutton":11,"minecraft:apple":1,"minecraft:stone_bricks":2,"minecraft:kelp":3,"iceandfire:cannoli":1,"minecraft:spore_blossom":1,"minecraft:iron_ingot":9,"minecraft:stone_pickaxe":2,"minecraft:cooked_chicken":1,"travelersbackpack:blank_upgrade":2,"iceandfire:fire_dragon_flesh":8,"minecraft:iron_sword":2,"minecraft:scaffolding":6,"iceandfire:chared_stone":25,"iceandfire:copper_nugget":101,"alekiships:watercraft_frame_flat":2,"iceandfire:ash":1,"minecraft:dripstone_block":6,"minecraft:gravel":16,"minecraft:white_bed":1,"travelersbackpack:standard":9,"biomeswevegone:aspen_log":3,"minecraft:purple_bed":2,"minecraft:slime_ball":42,"alekiships:watercraft_frame_angled":9,"minecraft:iron_helmet":2,"biomeswevegone:blue_enchanted_log":50,"tombstone:magic_scroll":3,"biomeswevegone:blueberries":14,"minecraft:coal":220,"biomeswevegone:yellow_birch_sapling":20,"minecraft:sunflower":1},"minecraft:broken":{"minecraft:stone_pickaxe":1,"minecraft:stone_axe":1,"minecraft:wooden_axe":1,"minecraft:golden_chestplate":1,"minecraft:stone_sword":2,"minecraft:wooden_pickaxe":1,"minecraft:iron_pickaxe":6,"minecraft:iron_helmet":1}},"DataVersion":3465}