{"stats":{"minecraft:dropped":{"biomeswevegone:white_puffball_spores":3,"minecraft:iron_ingot":1,"iceandfire:podium_birch":1,"minecraft:brown_mushroom":2,"minecraft:wheat_seeds":76,"minecraft:crafting_table":1,"minecraft:cobblestone":3,"wardrobe:jungle_boots":1,"biomeswevegone:alpine_bellflower":1,"minecraft:cod":4,"minecraft:stick":2,"biomeswevegone:blue_sage":1,"biomeswevegone:rainbow_eucalyptus_planks":6,"minecraft:spruce_sapling":6,"minecraft:armor_stand":2,"minecraft:redstone":1,"minecraft:rotten_flesh":4,"minecraft:white_bed":1,"biomeswevegone:pink_daffodil":1,"minecraft:carrot":4,"biomeswevegone:pink_anemone":2,"iceandfire:bestiary":1,"minecraft:chainmail_boots":2,"iceandfire:lectern":1,"minecraft:barrel":2,"minecraft:wooden_pickaxe":1},"minecraft:crafted":{"minecraft:furnace":1,"biomeswevegone:rainbow_eucalyptus_planks":16,"biomeswevegone:mahogany_planks":8,"minecraft:green_dye":2,"minecraft:glass":22,"minecraft:wheat":27,"minecraft:wooden_pickaxe":1,"minecraft:bread":13,"minecraft:air":0,"minecraft:stick":4,"biomeswevegone:rainbow_eucalyptus_boat":1,"minecraft:iron_ingot":11,"minecraft:gold_ingot":7},"minecraft:killed":{"minecraft:skeleton":2,"minecraft:sheep":8,"iceandfire:ghost":1,"minecraft:zombie":4,"minecraft:cow":9},"minecraft:picked_up":{"minecraft:crafting_table":6,"minecraft:wheat":43,"minecraft:chainmail_boots":3,"iceandfire:fire_lily":1,"minecraft:brown_mushroom":2,"minecraft:enchanted_book":1,"minecraft:armor_stand":2,"minecraft:experience_bottle":2,"iceandfire:graveyard_soil":2,"iceandfire:bestiary":2,"minecraft:gold_nugget":66,"minecraft:beef":17,"sawmill:sawmill":1,"minecraft:iron_pickaxe":1,"minecraft:sugar_cane":16,"minecraft:chest":1,"minecraft:stick":2,"minecraft:raw_iron":11,"tombstone:grave_dust":2,"minecraft:carrot":4,"minecraft:redstone":1,"biomeswevegone:pink_anemone":2,"minecraft:rotten_flesh":7,"minecraft:hay_block":3,"wardrobe:jungle_boots":1,"supplementaries:ash":38,"minecraft:cobblestone":11,"minecraft:mutton":8,"minecraft:white_wool":6,"biomeswevegone:white_puffball_spores":3,"biomeswevegone:green_tulip":3,"minecraft:leather":5,"minecraft:brown_wool":1,"minecraft:chainmail_chestplate":1,"biomeswevegone:pink_daffodil":1,"iceandfire:ectoplasm":1,"biomeswevegone:rainbow_eucalyptus_log":4,"minecraft:lantern":4,"minecraft:bone":2,"biomeswevegone:mahogany_sapling":1,"iceandfire:pixie_jar_empty":1,"minecraft:stonecutter":1,"minecraft:wheat_seeds":116,"minecraft:iron_ingot":2,"biomeswevegone:rainbow_eucalyptus_planks":1,"biomeswevegone:blue_sage":1,"minecraft:bamboo":48,"minecraft:iron_sword":1,"minecraft:book":2,"biomeswevegone:rainbow_eucalyptus_sapling":1,"biomeswevegone:mahogany_log":13,"iceandfire:podium_birch":1,"minecraft:sand":22,"minecraft:spruce_sapling":7,"minecraft:white_bed":9,"minecraft:spruce_log":35,"biomeswevegone:alpine_bellflower":1,"minecraft:purple_bed":2,"iceandfire:lectern":2,"minecraft:chainmail_leggings":1,"biomeswevegone:green_mushroom":1,"minecraft:chainmail_helmet":1,"minecraft:bread":1,"minecraft:emerald":2,"biomeswevegone:rainbow_eucalyptus_boat":1,"iceandfire:silver_nugget":28,"minecraft:coal":7},"minecraft:killed_by":{"minecraft:zombie":1,"iceandfire:ghost":1},"minecraft:mined":{"minecraft:white_bed":8,"iceandfire:graveyard_soil":2,"biomeswevegone:rainbow_eucalyptus_planks":1,"biomeswevegone:rainbow_eucalyptus_leaves":10,"sawmill:sawmill":1,"minecraft:redstone_wire":1,"iceandfire:lectern":1,"minecraft:large_fern":1,"minecraft:hay_block":3,"biomeswevegone:pink_anemone":1,"minecraft:iron_ore":2,"minecraft:fire":5,"biomeswevegone:blue_sage":1,"iceandfire:gold_pile":8,"amendments:wall_lantern":2,"minecraft:lantern":1,"biomeswevegone:green_tulip":3,"minecraft:bamboo":5,"minecraft:stone":10,"biomeswevegone:green_mushroom":1,"iceandfire:pixie_jar_empty":1,"lootr:lootr_chest":1,"biomeswevegone:mahogany_log":13,"minecraft:crafting_table":6,"iceandfire:fire_lily":1,"minecraft:tall_grass":1,"minecraft:sugar_cane":9,"biomeswevegone:white_puffball":1,"minecraft:purple_bed":2,"minecraft:wheat":41,"minecraft:spruce_log":28,"iceandfire:podium_birch":1,"biomeswevegone:pink_daffodil":1,"minecraft:grass":16,"iceandfire:silver_pile":6,"minecraft:coal_ore":2,"minecraft:sand":22,"minecraft:stonecutter":1,"biomeswevegone:rainbow_eucalyptus_log":4,"minecraft:oak_leaves":2,"minecraft:fern":1},"minecraft:used":{"minecraft:chest":1,"minecraft:iron_sword":82,"biomeswevegone:rainbow_eucalyptus_planks":1,"minecraft:lantern":4,"minecraft:iron_axe":31,"minecraft:furnace":1,"tombstone:gift":3,"biomeswevegone:green_mushroom":1,"minecraft:wheat_seeds":40,"minecraft:water_bucket":20,"wardrobe:jungle_boots":1,"biomeswevegone:rainbow_eucalyptus_boat":2,"minecraft:crafting_table":5,"minecraft:white_bed":8,"minecraft:spruce_log":1,"minecraft:bread":17,"minecraft:iron_pickaxe":35,"iceandfire:graveyard_soil":2,"minecraft:purple_bed":2,"minecraft:bucket":20,"alexsmobs:animal_dictionary":1},"minecraft:custom":{"lootr:looted_stat":11,"minecraft:mob_kills":24,"minecraft:interact_with_crafting_table":9,"minecraft:eat_cake_slice":7,"minecraft:leave_game":3,"minecraft:time_since_death":29797,"minecraft:climb_one_cm":7151,"minecraft:sprint_one_cm":92439,"minecraft:walk_one_cm":647911,"minecraft:drop":47,"minecraft:play_time":130954,"minecraft:deaths":2,"minecraft:sneak_time":2870,"minecraft:walk_under_water_one_cm":12578,"minecraft:boat_one_cm":141037,"minecraft:jump":1417,"minecraft:walk_on_water_one_cm":30820,"minecraft:total_world_time":130954,"minecraft:interact_with_furnace":5,"minecraft:interact_with_cartography_table":1,"minecraft:interact_with_stonecutter":3,"minecraft:sleep_in_bed":9,"minecraft:time_since_rest":14333,"minecraft:damage_taken":1382,"tombstone:sneak_grave":1,"minecraft:damage_dealt":2807,"minecraft:swim_one_cm":4998,"minecraft:fly_one_cm":172527,"minecraft:open_chest":9,"minecraft:crouch_one_cm":5670,"tombstone:undead_killed":7,"minecraft:fall_one_cm":29541}},"DataVersion":3465}