{"stats":{"minecraft:dropped":{"biomeswevegone:white_puffball_spores":3,"minecraft:iron_ingot":1,"iceandfire:podium_birch":1,"minecraft:brown_mushroom":1,"minecraft:wheat_seeds":73,"minecraft:crafting_table":1,"minecraft:cobblestone":1,"wardrobe:jungle_boots":1,"biomeswevegone:alpine_bellflower":1,"minecraft:white_bed":1,"minecraft:carrot":4,"minecraft:cod":4,"minecraft:stick":2,"minecraft:chainmail_boots":2,"iceandfire:bestiary":1,"iceandfire:lectern":1,"minecraft:barrel":2,"minecraft:wooden_pickaxe":1,"biomeswevegone:rainbow_eucalyptus_planks":6,"minecraft:redstone":1,"minecraft:armor_stand":2},"minecraft:crafted":{"minecraft:wooden_pickaxe":1,"biomeswevegone:rainbow_eucalyptus_planks":16,"biomeswevegone:mahogany_planks":8,"minecraft:bread":13,"minecraft:stick":4,"biomeswevegone:rainbow_eucalyptus_boat":1,"minecraft:gold_ingot":7,"minecraft:wheat":27},"minecraft:killed":{"minecraft:skeleton":1,"minecraft:zombie":3},"minecraft:picked_up":{"minecraft:crafting_table":5,"minecraft:wheat":43,"minecraft:chainmail_boots":3,"iceandfire:fire_lily":1,"minecraft:brown_mushroom":1,"minecraft:enchanted_book":1,"minecraft:chainmail_chestplate":1,"biomeswevegone:rainbow_eucalyptus_log":4,"minecraft:lantern":4,"minecraft:armor_stand":2,"minecraft:experience_bottle":2,"biomeswevegone:mahogany_sapling":1,"minecraft:stonecutter":1,"iceandfire:pixie_jar_empty":1,"iceandfire:graveyard_soil":2,"iceandfire:bestiary":2,"minecraft:wheat_seeds":113,"minecraft:gold_nugget":66,"minecraft:iron_ingot":2,"sawmill:sawmill":1,"minecraft:iron_pickaxe":1,"biomeswevegone:rainbow_eucalyptus_planks":1,"minecraft:bamboo":48,"minecraft:sugar_cane":16,"minecraft:chest":1,"minecraft:iron_sword":1,"minecraft:book":2,"biomeswevegone:rainbow_eucalyptus_sapling":1,"biomeswevegone:mahogany_log":13,"iceandfire:podium_birch":1,"minecraft:white_bed":9,"minecraft:carrot":4,"minecraft:redstone":1,"biomeswevegone:alpine_bellflower":1,"minecraft:purple_bed":2,"minecraft:rotten_flesh":4,"iceandfire:lectern":2,"minecraft:chainmail_leggings":1,"minecraft:hay_block":3,"biomeswevegone:green_mushroom":1,"wardrobe:jungle_boots":1,"minecraft:emerald":2,"minecraft:bread":1,"minecraft:chainmail_helmet":1,"supplementaries:ash":38,"biomeswevegone:rainbow_eucalyptus_boat":1,"biomeswevegone:white_puffball_spores":3,"iceandfire:silver_nugget":28,"minecraft:cobblestone":1},"minecraft:killed_by":{"minecraft:zombie":1,"iceandfire:ghost":1},"minecraft:mined":{"iceandfire:pixie_jar_empty":1,"minecraft:white_bed":8,"iceandfire:graveyard_soil":2,"lootr:lootr_chest":1,"biomeswevegone:mahogany_log":13,"biomeswevegone:rainbow_eucalyptus_planks":1,"biomeswevegone:rainbow_eucalyptus_leaves":10,"minecraft:crafting_table":5,"sawmill:sawmill":1,"iceandfire:lectern":1,"minecraft:redstone_wire":1,"iceandfire:fire_lily":1,"minecraft:tall_grass":1,"minecraft:sugar_cane":9,"biomeswevegone:white_puffball":1,"minecraft:large_fern":1,"minecraft:hay_block":3,"minecraft:purple_bed":2,"minecraft:wheat":41,"minecraft:fire":4,"iceandfire:podium_birch":1,"minecraft:grass":4,"iceandfire:silver_pile":6,"iceandfire:gold_pile":8,"amendments:wall_lantern":2,"minecraft:lantern":1,"minecraft:stone":1,"minecraft:bamboo":5,"minecraft:stonecutter":1,"biomeswevegone:rainbow_eucalyptus_log":4,"minecraft:oak_leaves":1,"biomeswevegone:green_mushroom":1,"minecraft:fern":1},"minecraft:used":{"minecraft:wheat_seeds":40,"biomeswevegone:green_mushroom":1,"minecraft:water_bucket":20,"wardrobe:jungle_boots":1,"minecraft:chest":1,"minecraft:iron_sword":13,"biomeswevegone:rainbow_eucalyptus_boat":2,"minecraft:crafting_table":3,"minecraft:white_bed":8,"biomeswevegone:rainbow_eucalyptus_planks":1,"minecraft:lantern":4,"minecraft:iron_axe":1,"minecraft:bread":7,"minecraft:iron_pickaxe":20,"iceandfire:graveyard_soil":2,"minecraft:purple_bed":1,"tombstone:gift":3,"alexsmobs:animal_dictionary":1,"minecraft:bucket":20},"minecraft:custom":{"minecraft:interact_with_furnace":1,"lootr:looted_stat":11,"minecraft:mob_kills":4,"minecraft:interact_with_crafting_table":7,"minecraft:interact_with_cartography_table":1,"minecraft:eat_cake_slice":7,"minecraft:interact_with_stonecutter":3,"minecraft:leave_game":3,"minecraft:time_since_death":5797,"minecraft:sleep_in_bed":8,"minecraft:climb_one_cm":6668,"minecraft:time_since_rest":3748,"minecraft:sprint_one_cm":39128,"minecraft:damage_taken":1006,"minecraft:walk_one_cm":519416,"tombstone:sneak_grave":1,"minecraft:drop":29,"minecraft:damage_dealt":549,"minecraft:swim_one_cm":4998,"minecraft:fly_one_cm":53085,"minecraft:open_chest":6,"minecraft:play_time":106954,"minecraft:crouch_one_cm":4857,"minecraft:sneak_time":2489,"tombstone:undead_killed":4,"minecraft:deaths":2,"minecraft:walk_under_water_one_cm":10785,"minecraft:boat_one_cm":141037,"minecraft:jump":798,"minecraft:walk_on_water_one_cm":27977,"minecraft:total_world_time":106954,"minecraft:fall_one_cm":15775}},"DataVersion":3465}