{"stats":{"minecraft:picked_up":{"sereneseasons:calendar":1,"minecraft:crafting_table":6,"travelersbackpack:bat":1,"minecraft:clay_ball":120,"minecraft:anvil":4,"minecraft:prismarine_shard":7,"minecraft:smithing_table":3,"minecraft:lead":1,"minecraft:orange_banner":2,"minecraft:enchanted_book":1,"minecraft:string":45,"minecraft:moss_carpet":3,"minecraft:cartography_table":1,"alexsmobs:banana":1,"minecraft:beef":10,"minecraft:jungle_sapling":3,"minecraft:azalea":5,"minecraft:iron_pickaxe":1,"biomeswevegone:purple_sage":1,"minecraft:birch_sapling":5,"minecraft:furnace":1,"alekiships:cleat":3,"minecraft:egg":2,"minecraft:stick":26,"minecraft:raw_iron":55,"minecraft:sandstone":6,"minecraft:torch":8,"travelersbackpack:iron_tier_upgrade":2,"tombstone:grave_dust":2,"minecraft:diorite":17,"minecraft:prismarine_crystals":11,"biomeswevegone:blue_enchanted_sapling":4,"minecraft:stone_sword":1,"minecraft:arrow":3,"minecraft:rotten_flesh":15,"supplementaries:ash":23,"biomeswevegone:blue_enchanted_planks":2,"minecraft:glow_berries":1,"minecraft:mutton":3,"biomeswevegone:white_puffball_spores":3,"minecraft:rail":1,"minecraft:white_wool":1,"alexsmobs:flying_fish":3,"minecraft:cobblestone":187,"minecraft:birch_log":97,"minecraft:feather":2,"biomeswevegone:lush_dirt":2,"minecraft:cooked_beef":16,"minecraft:andesite":1,"minecraft:jungle_log":7,"minecraft:salmon":1,"minecraft:leather":7,"minecraft:birch_planks":74,"minecraft:flint":1,"minecraft:oak_log":35,"minecraft:blue_bed":3,"minecraft:stripped_birch_log":25,"biomeswevegone:imbued_blue_enchanted_wood":2,"minecraft:dirt":16,"biomeswevegone:clover_patch":2,"minecraft:cooked_mutton":10,"minecraft:bone":15,"minecraft:apple":1,"minecraft:stone_bricks":2,"minecraft:kelp":3,"minecraft:raw_gold":4,"minecraft:spore_blossom":1,"minecraft:stone_pickaxe":2,"minecraft:cooked_chicken":1,"minecraft:bamboo":36,"minecraft:iron_sword":1,"minecraft:oak_planks":7,"travelersbackpack:blank_upgrade":2,"minecraft:scaffolding":6,"alekiships:watercraft_frame_flat":2,"minecraft:cooked_porkchop":3,"minecraft:gravel":7,"iceandfire:shiny_scales":8,"minecraft:sand":43,"minecraft:jungle_planks":7,"minecraft:white_bed":1,"minecraft:mossy_cobblestone":3,"travelersbackpack:standard":9,"biomeswevegone:aspen_log":3,"minecraft:slime_ball":42,"alekiships:watercraft_frame_angled":9,"minecraft:granite":2,"biomeswevegone:blue_enchanted_log":50,"minecraft:emerald":4,"biomeswevegone:blueberries":14,"alexsmobs:maggot":1,"tombstone:magic_scroll":1,"minecraft:oak_sapling":7,"minecraft:coal":64,"iceandfire:raw_silver":6,"biomeswevegone:yellow_birch_sapling":20,"minecraft:sunflower":1},"minecraft:killed_by":{"iceandfire:siren":1,"iceandfire:sea_serpent":1,"minecraft:skeleton":1,"minecraft:zombie":2,"iceandfire:fire_dragon":23},"minecraft:broken":{"minecraft:stone_sword":2,"minecraft:wooden_pickaxe":1,"minecraft:stone_pickaxe":1,"minecraft:stone_axe":1,"minecraft:wooden_axe":1,"minecraft:golden_chestplate":1},"minecraft:dropped":{"biomeswevegone:white_puffball_spores":3,"biomeswevegone:blue_enchanted_sapling":4,"biomeswevegone:purple_sage":1,"biomeswevegone:blue_enchanted_planks":7,"minecraft:iron_sword":1,"minecraft:birch_planks":7,"biomeswevegone:cattail_sprout":1,"minecraft:oak_log":2,"minecraft:mossy_cobblestone":3,"minecraft:crafting_table":3,"minecraft:cooked_porkchop":3,"minecraft:prismarine_shard":2,"minecraft:cobblestone":61,"minecraft:prismarine_crystals":4,"travelersbackpack:iron_tier_upgrade":3,"travelersbackpack:standard":1,"minecraft:rail":1,"minecraft:flint":1,"minecraft:birch_fence":18,"minecraft:diorite":17,"minecraft:mutton":2,"minecraft:fire_charge":2,"minecraft:sunflower":2,"minecraft:sand":9,"minecraft:white_wool":1,"minecraft:gravel":1,"minecraft:furnace":1,"minecraft:stone_axe":1,"minecraft:moss_carpet":3,"minecraft:kelp":3,"minecraft:cooked_chicken":1,"minecraft:stone_sword":2,"minecraft:rotten_flesh":15,"minecraft:clay_ball":64,"minecraft:oak_planks":14,"travelersbackpack:bat":1,"biomeswevegone:lush_dirt":2,"minecraft:salmon":1,"biomeswevegone:clover_patch":2,"minecraft:azalea":2,"minecraft:stone_bricks":1,"minecraft:slime_ball":8,"minecraft:stone_pickaxe":3,"minecraft:scaffolding":8,"minecraft:egg":2},"minecraft:custom":{"lootr:looted_stat":6,"minecraft:interact_with_anvil":1,"minecraft:mob_kills":32,"minecraft:interact_with_crafting_table":30,"minecraft:open_barrel":1,"minecraft:leave_game":8,"minecraft:time_since_death":6807,"minecraft:climb_one_cm":27983,"minecraft:sprint_one_cm":207536,"minecraft:walk_one_cm":811470,"minecraft:drop":88,"minecraft:talked_to_villager":1,"minecraft:play_time":301270,"minecraft:sneak_time":6390,"minecraft:deaths":29,"minecraft:walk_under_water_one_cm":98675,"minecraft:boat_one_cm":349250,"minecraft:jump":2956,"minecraft:walk_on_water_one_cm":114071,"minecraft:total_world_time":301270,"minecraft:interact_with_furnace":15,"tombstone:raider_killed":1,"minecraft:interact_with_cartography_table":1,"minecraft:sleep_in_bed":9,"minecraft:time_since_rest":1174,"minecraft:damage_taken":9069,"minecraft:damage_dealt":6708,"minecraft:swim_one_cm":119712,"minecraft:fly_one_cm":505145,"minecraft:open_chest":1,"minecraft:crouch_one_cm":14795,"tombstone:undead_killed":11,"minecraft:interact_with_smithing_table":2,"minecraft:fall_one_cm":54663},"minecraft:killed":{"minecraft:witch":1,"alexsmobs:seagull":1,"minecraft:skeleton":3,"iceandfire:siren":2,"minecraft:drowned":2,"minecraft:pig":2,"minecraft:sheep":1,"minecraft:zombie":6,"alexsmobs:fly":1,"minecraft:cow":9},"minecraft:crafted":{"minecraft:oak_planks":28,"minecraft:furnace":1,"travelersbackpack:blank_upgrade":4,"minecraft:glass":25,"minecraft:stone_pickaxe":2,"minecraft:chest":2,"minecraft:lead":8,"biomeswevegone:blue_enchanted_planks":32,"travelersbackpack:iron_tier_upgrade":2,"minecraft:crafting_table":1,"travelersbackpack:backpack_tank":2,"biomeswevegone:blue_enchanted_boat":1,"minecraft:wooden_pickaxe":1,"minecraft:iron_sword":1,"minecraft:birch_planks":132,"minecraft:stone_axe":2,"minecraft:air":0,"minecraft:jungle_planks":24,"minecraft:birch_fence":18,"minecraft:stick":28,"minecraft:iron_ingot":33,"minecraft:wooden_axe":2,"minecraft:stone_sword":3,"biomeswevegone:aspen_planks":12},"minecraft:used":{"minecraft:stone_sword":212,"biomeswevegone:blue_enchanted_planks":2,"biomeswevegone:blueberries":1,"minecraft:chest":1,"minecraft:iron_sword":37,"biomeswevegone:blue_enchanted_boat":1,"minecraft:stick":1,"minecraft:torch":7,"minecraft:anvil":1,"minecraft:jungle_planks":3,"minecraft:wooden_axe":94,"minecraft:jungle_log":1,"alekiships:watercraft_frame_angled":8,"alekiships:watercraft_frame_flat":2,"minecraft:scaffolding":2,"minecraft:furnace":1,"alekiships:cleat":2,"tombstone:gift":4,"minecraft:cooked_beef":8,"minecraft:cooked_mutton":10,"minecraft:birch_planks":2,"minecraft:stone_pickaxe":129,"minecraft:wooden_pickaxe":59,"minecraft:sandstone":6,"minecraft:blue_bed":3,"minecraft:golden_hoe":12,"minecraft:sand":9,"minecraft:crafting_table":4,"minecraft:white_bed":1,"minecraft:oak_log":9,"minecraft:apple":1,"minecraft:iron_pickaxe":71,"minecraft:bread":3,"minecraft:gravel":6,"minecraft:stone_axe":144,"travelersbackpack:standard":12,"minecraft:cobblestone":36,"minecraft:orange_banner":1,"minecraft:smithing_table":1,"minecraft:birch_log":8},"minecraft:mined":{"biomeswevegone:white_anemone":1,"biomeswevegone:lush_dirt":1,"minecraft:white_bed":1,"iceandfire:silver_ore":6,"minecraft:mossy_cobblestone":1,"alekiships:wood/watercraft_frame/flat/birch":1,"minecraft:jungle_leaves":6,"minecraft:stripped_birch_log":13,"biomeswevegone:lush_grass_block":2,"biomeswevegone:blue_enchanted_log":57,"biomeswevegone:bistort":1,"minecraft:orange_banner":1,"minecraft:glow_lichen":1,"minecraft:granite":3,"travelersbackpack:red_sleeping_bag":1,"minecraft:grass_block":1,"minecraft:jungle_planks":3,"minecraft:jungle_log":7,"biomeswevegone:blue_enchanted_planks":2,"minecraft:kelp":1,"minecraft:moss_block":1,"minecraft:cartography_table":1,"minecraft:sandstone":2,"alekiships:watercraft_frame_angled":3,"minecraft:spore_blossom":1,"biomeswevegone:imbued_blue_enchanted_wood":2,"minecraft:furnace":1,"minecraft:iron_ore":12,"minecraft:andesite":1,"minecraft:moss_carpet":1,"minecraft:anvil":4,"alekiships:cleat":1,"supplementaries:stick":1,"minecraft:vine":7,"minecraft:deepslate_iron_ore":2,"minecraft:bamboo":2,"minecraft:azalea":1,"minecraft:stone":158,"minecraft:smithing_table":3,"minecraft:podzol":1,"minecraft:scaffolding":1,"minecraft:kelp_plant":1,"minecraft:clay":28,"biomeswevegone:aspen_log":3,"travelersbackpack:standard":4,"minecraft:crafting_table":4,"minecraft:torch":5,"minecraft:tall_grass":1,"minecraft:cobblestone":9,"biomeswevegone:clover_patch":1,"minecraft:deepslate_coal_ore":4,"minecraft:lapis_ore":1,"minecraft:blue_bed":4,"minecraft:wall_torch":2,"minecraft:diorite":17,"biomeswevegone:white_puffball":1,"supplementaries:urn":7,"minecraft:birch_planks":2,"minecraft:birch_log":99,"alekiships:wood/watercraft_frame/angled/oak":2,"biomeswevegone:blueberry_bush":1,"minecraft:grass":7,"minecraft:coal_ore":6,"minecraft:oak_log":33,"alekiships:wood/watercraft_frame/angled/birch":4,"minecraft:gravel":8,"minecraft:sunflower":2,"minecraft:sand":37,"minecraft:dirt":14,"minecraft:cobweb":46,"biomeswevegone:purple_sage":1,"minecraft:gold_ore":1,"minecraft:stone_bricks":1,"minecraft:orange_wall_banner":1,"minecraft:mossy_stone_bricks":1,"minecraft:deepslate":2}},"DataVersion":3465}