{"stats":{"minecraft:dropped":{"biomeswevegone:white_puffball_spores":3,"minecraft:iron_ingot":1,"iceandfire:podium_birch":1,"minecraft:brown_mushroom":2,"minecraft:wheat_seeds":73,"minecraft:crafting_table":1,"minecraft:cobblestone":3,"minecraft:rotten_flesh":2,"wardrobe:jungle_boots":1,"biomeswevegone:alpine_bellflower":1,"minecraft:white_bed":1,"minecraft:carrot":4,"minecraft:cod":4,"minecraft:stick":2,"minecraft:chainmail_boots":2,"iceandfire:bestiary":1,"iceandfire:lectern":1,"minecraft:barrel":2,"minecraft:wooden_pickaxe":1,"biomeswevegone:rainbow_eucalyptus_planks":6,"minecraft:spruce_sapling":6,"minecraft:redstone":1,"minecraft:armor_stand":2},"minecraft:crafted":{"minecraft:wooden_pickaxe":1,"minecraft:furnace":1,"biomeswevegone:rainbow_eucalyptus_planks":16,"biomeswevegone:mahogany_planks":8,"minecraft:air":0,"minecraft:bread":13,"minecraft:glass":22,"minecraft:stick":4,"biomeswevegone:rainbow_eucalyptus_boat":1,"minecraft:gold_ingot":7,"minecraft:wheat":27},"minecraft:killed":{"minecraft:sheep":8,"minecraft:skeleton":2,"minecraft:zombie":3,"minecraft:cow":9},"minecraft:picked_up":{"minecraft:crafting_table":5,"minecraft:wheat":43,"minecraft:chainmail_boots":3,"minecraft:brown_wool":1,"minecraft:leather":5,"iceandfire:fire_lily":1,"minecraft:brown_mushroom":2,"minecraft:enchanted_book":1,"minecraft:chainmail_chestplate":1,"biomeswevegone:rainbow_eucalyptus_log":4,"minecraft:lantern":4,"minecraft:armor_stand":2,"minecraft:bone":2,"minecraft:experience_bottle":2,"biomeswevegone:mahogany_sapling":1,"minecraft:stonecutter":1,"iceandfire:pixie_jar_empty":1,"iceandfire:graveyard_soil":2,"iceandfire:bestiary":2,"minecraft:wheat_seeds":113,"minecraft:gold_nugget":66,"minecraft:beef":17,"minecraft:iron_ingot":2,"sawmill:sawmill":1,"minecraft:iron_pickaxe":1,"biomeswevegone:rainbow_eucalyptus_planks":1,"minecraft:bamboo":48,"minecraft:sugar_cane":16,"minecraft:chest":1,"minecraft:iron_sword":1,"minecraft:book":2,"minecraft:stick":2,"minecraft:raw_iron":11,"biomeswevegone:rainbow_eucalyptus_sapling":1,"biomeswevegone:mahogany_log":13,"iceandfire:podium_birch":1,"minecraft:sand":22,"minecraft:spruce_sapling":7,"minecraft:spruce_log":28,"minecraft:white_bed":9,"minecraft:carrot":4,"minecraft:redstone":1,"biomeswevegone:alpine_bellflower":1,"minecraft:purple_bed":2,"minecraft:rotten_flesh":4,"minecraft:mutton":8,"iceandfire:lectern":2,"minecraft:white_wool":6,"minecraft:chainmail_leggings":1,"minecraft:hay_block":3,"biomeswevegone:green_mushroom":1,"wardrobe:jungle_boots":1,"minecraft:emerald":2,"minecraft:bread":1,"minecraft:chainmail_helmet":1,"minecraft:coal":7,"supplementaries:ash":38,"biomeswevegone:rainbow_eucalyptus_boat":1,"biomeswevegone:white_puffball_spores":3,"iceandfire:silver_nugget":28,"minecraft:cobblestone":11},"minecraft:killed_by":{"minecraft:zombie":1,"iceandfire:ghost":1},"minecraft:mined":{"iceandfire:pixie_jar_empty":1,"minecraft:white_bed":8,"iceandfire:graveyard_soil":2,"lootr:lootr_chest":1,"biomeswevegone:mahogany_log":13,"biomeswevegone:rainbow_eucalyptus_planks":1,"biomeswevegone:rainbow_eucalyptus_leaves":10,"minecraft:crafting_table":5,"sawmill:sawmill":1,"iceandfire:lectern":1,"minecraft:redstone_wire":1,"iceandfire:fire_lily":1,"minecraft:tall_grass":1,"minecraft:sugar_cane":9,"biomeswevegone:white_puffball":1,"minecraft:large_fern":1,"minecraft:hay_block":3,"minecraft:purple_bed":2,"minecraft:iron_ore":2,"minecraft:wheat":41,"minecraft:fire":4,"minecraft:spruce_log":28,"iceandfire:podium_birch":1,"minecraft:coal_ore":2,"minecraft:grass":13,"iceandfire:silver_pile":6,"iceandfire:gold_pile":8,"amendments:wall_lantern":2,"minecraft:lantern":1,"minecraft:sand":22,"minecraft:stone":10,"minecraft:bamboo":5,"minecraft:stonecutter":1,"biomeswevegone:rainbow_eucalyptus_log":4,"minecraft:oak_leaves":2,"biomeswevegone:green_mushroom":1,"minecraft:fern":1},"minecraft:used":{"minecraft:wheat_seeds":40,"biomeswevegone:green_mushroom":1,"minecraft:water_bucket":20,"wardrobe:jungle_boots":1,"minecraft:chest":1,"minecraft:iron_sword":66,"biomeswevegone:rainbow_eucalyptus_boat":2,"minecraft:crafting_table":4,"minecraft:white_bed":8,"minecraft:spruce_log":1,"biomeswevegone:rainbow_eucalyptus_planks":1,"minecraft:lantern":4,"minecraft:iron_axe":31,"minecraft:bread":11,"minecraft:iron_pickaxe":34,"iceandfire:graveyard_soil":2,"minecraft:purple_bed":2,"minecraft:furnace":1,"tombstone:gift":3,"alexsmobs:animal_dictionary":1,"minecraft:bucket":20},"minecraft:custom":{"minecraft:interact_with_furnace":4,"lootr:looted_stat":11,"minecraft:mob_kills":22,"minecraft:interact_with_crafting_table":9,"minecraft:interact_with_cartography_table":1,"minecraft:eat_cake_slice":7,"minecraft:interact_with_stonecutter":3,"minecraft:leave_game":3,"minecraft:time_since_death":17797,"minecraft:sleep_in_bed":9,"minecraft:climb_one_cm":6668,"minecraft:time_since_rest":2333,"minecraft:sprint_one_cm":74876,"minecraft:damage_taken":1139,"minecraft:walk_one_cm":606757,"tombstone:sneak_grave":1,"minecraft:drop":38,"minecraft:damage_dealt":2290,"minecraft:swim_one_cm":4998,"minecraft:fly_one_cm":137916,"minecraft:open_chest":8,"minecraft:play_time":118954,"minecraft:crouch_one_cm":5398,"minecraft:sneak_time":2754,"tombstone:undead_killed":5,"minecraft:deaths":2,"minecraft:walk_under_water_one_cm":11502,"minecraft:boat_one_cm":141037,"minecraft:jump":1206,"minecraft:walk_on_water_one_cm":29725,"minecraft:total_world_time":118954,"minecraft:fall_one_cm":24540}},"DataVersion":3465}