{"stats":{"minecraft:custom":{"lootr:looted_stat":1,"minecraft:mob_kills":9,"minecraft:interact_with_crafting_table":7,"minecraft:interact_with_cartography_table":1,"minecraft:open_barrel":1,"minecraft:leave_game":4,"minecraft:time_since_death":567,"minecraft:sleep_in_bed":3,"minecraft:climb_one_cm":3878,"minecraft:time_since_rest":1,"minecraft:sprint_one_cm":77693,"minecraft:damage_taken":2496,"minecraft:walk_one_cm":230385,"minecraft:drop":18,"minecraft:damage_dealt":2167,"minecraft:swim_one_cm":30214,"minecraft:talked_to_villager":1,"minecraft:fly_one_cm":180266,"minecraft:crouch_one_cm":8211,"minecraft:play_time":74131,"minecraft:deaths":8,"minecraft:sneak_time":3003,"minecraft:walk_under_water_one_cm":28792,"minecraft:boat_one_cm":309727,"minecraft:jump":897,"minecraft:walk_on_water_one_cm":41598,"minecraft:total_world_time":74131,"minecraft:fall_one_cm":17317,"minecraft:interact_with_smithing_table":1},"minecraft:dropped":{"biomeswevegone:blue_enchanted_sapling":1,"biomeswevegone:blue_enchanted_planks":7,"minecraft:stone_axe":1,"minecraft:kelp":3,"minecraft:cooked_chicken":1,"minecraft:stone_sword":2,"minecraft:cooked_porkchop":3,"minecraft:rotten_flesh":2,"travelersbackpack:standard":1,"minecraft:flint":1,"minecraft:fire_charge":2,"minecraft:stone_pickaxe":2},"minecraft:mined":{"biomeswevegone:white_anemone":1,"minecraft:podzol":1,"minecraft:smithing_table":2,"biomeswevegone:lush_dirt":1,"minecraft:kelp_plant":1,"minecraft:jungle_leaves":6,"travelersbackpack:standard":2,"biomeswevegone:blue_enchanted_log":57,"biomeswevegone:lush_grass_block":2,"biomeswevegone:bistort":1,"minecraft:crafting_table":3,"minecraft:glow_lichen":1,"biomeswevegone:aspen_log":3,"travelersbackpack:red_sleeping_bag":1,"minecraft:grass_block":1,"biomeswevegone:clover_patch":1,"minecraft:cartography_table":1,"minecraft:kelp":1,"minecraft:blue_bed":4,"biomeswevegone:imbued_blue_enchanted_wood":2,"minecraft:anvil":3,"minecraft:grass":1,"minecraft:gravel":7,"minecraft:dirt":4,"biomeswevegone:purple_sage":1,"minecraft:bamboo":2,"minecraft:stone":59,"minecraft:orange_wall_banner":1},"minecraft:crafted":{"biomeswevegone:blue_enchanted_planks":24,"minecraft:crafting_table":1,"biomeswevegone:blue_enchanted_boat":1,"minecraft:wooden_pickaxe":1,"minecraft:stone_axe":2,"minecraft:stick":28,"minecraft:wooden_axe":1,"minecraft:stone_pickaxe":2,"minecraft:stone_sword":2,"biomeswevegone:aspen_planks":12},"minecraft:killed_by":{"iceandfire:siren":1,"iceandfire:fire_dragon":6},"minecraft:killed":{"minecraft:pig":2,"minecraft:sheep":1,"iceandfire:siren":1,"minecraft:cow":4},"minecraft:used":{"minecraft:stone_sword":70,"minecraft:stone_pickaxe":3,"minecraft:wooden_pickaxe":59,"minecraft:blue_bed":3,"biomeswevegone:blue_enchanted_boat":1,"minecraft:golden_hoe":12,"minecraft:crafting_table":4,"minecraft:wooden_axe":60,"minecraft:gravel":6,"minecraft:stone_axe":4,"travelersbackpack:standard":6,"tombstone:gift":1,"minecraft:cooked_beef":6},"minecraft:picked_up":{"minecraft:crafting_table":4,"biomeswevegone:lush_dirt":2,"minecraft:feather":2,"minecraft:cooked_beef":6,"minecraft:anvil":3,"minecraft:prismarine_shard":5,"minecraft:leather":3,"minecraft:smithing_table":2,"minecraft:orange_banner":1,"minecraft:flint":1,"biomeswevegone:clover_patch":2,"biomeswevegone:imbued_blue_enchanted_wood":2,"minecraft:dirt":6,"minecraft:blue_bed":3,"minecraft:kelp":3,"minecraft:cartography_table":1,"alexsmobs:banana":1,"minecraft:stone_pickaxe":1,"minecraft:cooked_chicken":1,"minecraft:bamboo":36,"biomeswevegone:purple_sage":1,"minecraft:stick":3,"minecraft:cooked_porkchop":3,"minecraft:gravel":6,"iceandfire:shiny_scales":6,"minecraft:prismarine_crystals":7,"biomeswevegone:blue_enchanted_sapling":4,"travelersbackpack:standard":6,"biomeswevegone:aspen_log":3,"minecraft:stone_sword":1,"minecraft:rotten_flesh":2,"biomeswevegone:blue_enchanted_log":50,"supplementaries:ash":3,"minecraft:mutton":2,"minecraft:white_wool":1,"minecraft:cobblestone":59},"minecraft:broken":{"minecraft:wooden_axe":1,"minecraft:wooden_pickaxe":1}},"DataVersion":3465}