{"stats":{"minecraft:custom":{"lootr:looted_stat":23,"minecraft:interact_with_crafting_table":36,"minecraft:open_barrel":1,"minecraft:leave_game":11,"minecraft:time_since_death":14165,"minecraft:sprint_one_cm":307652,"minecraft:drop":116,"minecraft:talked_to_villager":1,"minecraft:play_time":415631,"minecraft:deaths":47,"minecraft:jump":4645,"minecraft:walk_on_water_one_cm":185431,"minecraft:interact_with_furnace":15,"minecraft:interact_with_cartography_table":1,"minecraft:sleep_in_bed":11,"tombstone:sneak_grave":2,"minecraft:damage_dealt":11468,"minecraft:crouch_one_cm":43147,"tombstone:undead_killed":17,"minecraft:interact_with_smithing_table":2,"minecraft:mob_kills":39,"minecraft:interact_with_anvil":1,"tombstone:use_vanishing":1,"minecraft:climb_one_cm":27983,"minecraft:walk_one_cm":1164587,"minecraft:sneak_time":15108,"minecraft:walk_under_water_one_cm":165195,"minecraft:boat_one_cm":349250,"minecraft:total_world_time":415631,"tombstone:raider_killed":1,"minecraft:time_since_rest":13214,"minecraft:damage_taken":14293,"minecraft:swim_one_cm":188919,"minecraft:fly_one_cm":767805,"minecraft:open_chest":8,"minecraft:fall_one_cm":81326},"minecraft:dropped":{"biomeswevegone:white_puffball_spores":3,"minecraft:iron_sword":1,"minecraft:birch_planks":7,"minecraft:oak_log":2,"minecraft:crafting_table":3,"minecraft:cooked_porkchop":3,"travelersbackpack:iron_tier_upgrade":3,"travelersbackpack:standard":1,"minecraft:rail":1,"minecraft:flint":1,"minecraft:birch_fence":18,"minecraft:mutton":2,"minecraft:gold_nugget":1,"minecraft:sunflower":2,"minecraft:sand":9,"iceandfire:fire_dragon_blood":2,"minecraft:iron_pickaxe":1,"minecraft:white_wool":1,"minecraft:gold_ingot":111,"minecraft:armor_stand":2,"minecraft:gravel":1,"minecraft:stone_axe":1,"minecraft:cooked_chicken":1,"minecraft:rotten_flesh":17,"minecraft:oak_planks":23,"travelersbackpack:bat":1,"biomeswevegone:lush_dirt":2,"minecraft:salmon":1,"minecraft:azalea":2,"minecraft:scaffolding":8,"minecraft:egg":2,"biomeswevegone:blue_enchanted_sapling":4,"biomeswevegone:blue_enchanted_planks":7,"biomeswevegone:purple_sage":1,"biomeswevegone:cattail_sprout":1,"minecraft:mossy_cobblestone":3,"minecraft:diamond_leggings":1,"minecraft:prismarine_shard":2,"minecraft:iron_helmet":1,"minecraft:cobblestone":63,"minecraft:prismarine_crystals":4,"minecraft:diorite":17,"minecraft:diamond_helmet":2,"minecraft:fire_charge":2,"minecraft:iron_leggings":4,"minecraft:furnace":1,"minecraft:moss_carpet":3,"minecraft:kelp":3,"minecraft:stone_sword":2,"minecraft:raw_copper":64,"minecraft:clay_ball":64,"minecraft:iron_boots":2,"minecraft:diamond_chestplate":2,"biomeswevegone:clover_patch":2,"minecraft:iron_chestplate":2,"minecraft:light_gray_bed":1,"minecraft:stone_bricks":1,"minecraft:stone_pickaxe":3,"minecraft:slime_ball":8},"minecraft:mined":{"biomeswevegone:lush_dirt":1,"minecraft:white_bed":1,"minecraft:jungle_leaves":6,"biomeswevegone:blue_enchanted_log":57,"biomeswevegone:lush_grass_block":2,"minecraft:granite":22,"travelersbackpack:red_sleeping_bag":1,"minecraft:grass_block":1,"minecraft:jungle_log":7,"alekiships:watercraft_frame_angled":3,"minecraft:iron_ore":13,"minecraft:fire":1,"minecraft:moss_carpet":1,"minecraft:anvil":4,"supplementaries:stick":1,"iceandfire:gold_pile":58,"minecraft:azalea":1,"iceandfire:chared_cobblestone":2,"minecraft:kelp_plant":1,"minecraft:clay":28,"minecraft:torch":8,"biomeswevegone:aspen_log":3,"biomeswevegone:clover_patch":1,"minecraft:cobblestone":12,"biomeswevegone:white_puffball":1,"minecraft:wall_torch":5,"minecraft:birch_log":99,"biomeswevegone:blueberry_bush":1,"minecraft:grass":12,"minecraft:oak_log":33,"minecraft:sand":37,"minecraft:dirt":33,"minecraft:deepslate":14,"iceandfire:chared_stone":15,"biomeswevegone:white_anemone":1,"minecraft:diamond_ore":2,"iceandfire:silver_ore":6,"minecraft:mossy_cobblestone":1,"alekiships:wood/watercraft_frame/flat/birch":1,"minecraft:stripped_birch_log":13,"biomeswevegone:bistort":1,"minecraft:orange_banner":1,"minecraft:glow_lichen":1,"minecraft:jungle_planks":3,"biomeswevegone:blue_enchanted_planks":2,"minecraft:cartography_table":1,"minecraft:moss_block":1,"minecraft:kelp":1,"minecraft:sandstone":2,"minecraft:spore_blossom":1,"biomeswevegone:imbued_blue_enchanted_wood":2,"minecraft:furnace":1,"minecraft:andesite":19,"alekiships:cleat":1,"minecraft:deepslate_iron_ore":2,"minecraft:vine":7,"minecraft:bamboo":2,"minecraft:stone":409,"minecraft:podzol":1,"minecraft:smithing_table":3,"minecraft:scaffolding":1,"travelersbackpack:standard":4,"minecraft:crafting_table":4,"minecraft:emerald_ore":7,"minecraft:tall_grass":1,"minecraft:deepslate_coal_ore":4,"minecraft:lapis_ore":1,"minecraft:diorite":47,"minecraft:blue_bed":4,"supplementaries:urn":8,"minecraft:purple_bed":1,"minecraft:birch_planks":2,"alekiships:wood/watercraft_frame/angled/oak":2,"iceandfire:ash":1,"minecraft:coal_ore":11,"minecraft:sunflower":2,"alekiships:wood/watercraft_frame/angled/birch":4,"minecraft:gravel":13,"minecraft:dripstone_block":4,"minecraft:cobweb":46,"biomeswevegone:purple_sage":1,"minecraft:stone_bricks":1,"minecraft:orange_wall_banner":1,"minecraft:mossy_stone_bricks":1,"minecraft:gold_ore":1},"minecraft:crafted":{"minecraft:oak_planks":28,"minecraft:glass":25,"minecraft:chest":3,"minecraft:glass_bottle":6,"travelersbackpack:iron_tier_upgrade":2,"minecraft:crafting_table":1,"minecraft:wooden_pickaxe":1,"minecraft:birch_planks":132,"minecraft:birch_fence":18,"minecraft:stick":28,"minecraft:iron_ingot":33,"minecraft:stone_sword":3,"minecraft:gold_ingot":47,"minecraft:furnace":1,"travelersbackpack:blank_upgrade":4,"minecraft:stone_pickaxe":2,"minecraft:lead":8,"biomeswevegone:blue_enchanted_planks":32,"biomeswevegone:blue_enchanted_boat":1,"travelersbackpack:backpack_tank":2,"minecraft:iron_sword":1,"minecraft:stone_axe":2,"minecraft:air":0,"minecraft:jungle_planks":24,"minecraft:wooden_axe":2,"minecraft:torch":24,"biomeswevegone:aspen_planks":12},"minecraft:killed_by":{"iceandfire:siren":1,"iceandfire:sea_serpent":1,"minecraft:zombie":2,"iceandfire:fire_dragon":41,"minecraft:skeleton":1},"minecraft:killed":{"minecraft:witch":1,"minecraft:skeleton":6,"minecraft:pig":2,"minecraft:sheep":1,"minecraft:zombie":9,"alexsmobs:fly":1,"minecraft:cow":9,"alexsmobs:seagull":1,"iceandfire:fire_dragon":1,"iceandfire:siren":2,"minecraft:drowned":2},"minecraft:used":{"biomeswevegone:blue_enchanted_planks":2,"biomeswevegone:blueberries":1,"minecraft:chest":2,"minecraft:iron_sword":129,"biomeswevegone:blue_enchanted_boat":1,"minecraft:jungle_planks":3,"alekiships:watercraft_frame_angled":8,"alekiships:watercraft_frame_flat":2,"minecraft:scaffolding":2,"minecraft:furnace":1,"alekiships:cleat":2,"minecraft:egg":1,"minecraft:stone_pickaxe":129,"minecraft:wooden_pickaxe":59,"minecraft:sandstone":6,"minecraft:blue_bed":3,"minecraft:golden_hoe":12,"minecraft:sand":9,"minecraft:bread":7,"minecraft:gravel":9,"minecraft:diamond_sword":65,"minecraft:smithing_table":1,"minecraft:andesite":1,"minecraft:birch_log":8,"minecraft:stone_sword":212,"minecraft:stick":1,"minecraft:torch":27,"minecraft:dirt":3,"minecraft:anvil":1,"minecraft:wooden_axe":94,"minecraft:jungle_log":1,"tombstone:gift":5,"minecraft:cooked_beef":12,"minecraft:cooked_mutton":11,"minecraft:birch_planks":2,"minecraft:glass_bottle":6,"minecraft:crafting_table":5,"minecraft:white_bed":1,"minecraft:oak_log":9,"minecraft:apple":1,"minecraft:iron_pickaxe":507,"minecraft:stone_axe":144,"minecraft:purple_bed":1,"minecraft:cobblestone":113,"minecraft:potion":4,"minecraft:orange_banner":1,"travelersbackpack:standard":12},"minecraft:picked_up":{"sereneseasons:calendar":1,"minecraft:iron_chestplate":3,"travelersbackpack:bat":1,"minecraft:anvil":4,"minecraft:prismarine_shard":7,"minecraft:smithing_table":3,"minecraft:lead":1,"minecraft:enchanted_book":1,"minecraft:string":45,"minecraft:raw_copper":155,"minecraft:iron_leggings":3,"minecraft:armor_stand":2,"alexsmobs:banana":1,"minecraft:gold_nugget":424,"minecraft:cobbled_deepslate":12,"minecraft:azalea":5,"minecraft:iron_pickaxe":4,"biomeswevegone:purple_sage":1,"minecraft:iron_boots":2,"minecraft:furnace":1,"minecraft:stick":32,"minecraft:torch":13,"travelersbackpack:iron_tier_upgrade":2,"tombstone:grave_dust":4,"minecraft:diorite":64,"minecraft:stone_sword":1,"minecraft:light_gray_bed":1,"minecraft:rotten_flesh":18,"iceandfire:fire_dragon_heart":1,"biomeswevegone:blue_enchanted_planks":2,"supplementaries:ash":23,"minecraft:cobblestone":504,"alexsmobs:flying_fish":3,"minecraft:birch_log":97,"biomeswevegone:lush_dirt":2,"minecraft:feather":2,"minecraft:cooked_beef":16,"minecraft:andesite":37,"minecraft:jungle_log":7,"minecraft:flint":1,"iceandfire:dragonscales_bronze":36,"minecraft:dirt":42,"minecraft:stripped_birch_log":25,"minecraft:bone":26,"minecraft:bow":1,"minecraft:wheat_seeds":4,"minecraft:raw_gold":4,"minecraft:diamond_helmet":2,"minecraft:bamboo":36,"minecraft:oak_planks":16,"minecraft:cooked_porkchop":3,"iceandfire:dragon_skull_fire":2,"iceandfire:shiny_scales":8,"minecraft:jungle_planks":27,"minecraft:sand":46,"minecraft:mossy_cobblestone":3,"iceandfire:chared_cobblestone":2,"minecraft:diamond":1,"iceandfire:fire_dragon_blood":1,"minecraft:granite":22,"minecraft:emerald":11,"alexsmobs:maggot":1,"minecraft:oak_sapling":7,"iceandfire:raw_silver":6,"tombstone:dust_of_vanishing":1,"minecraft:crafting_table":7,"minecraft:clay_ball":120,"minecraft:orange_banner":2,"minecraft:moss_carpet":3,"minecraft:cartography_table":1,"minecraft:beef":10,"minecraft:jungle_sapling":3,"minecraft:birch_sapling":5,"alekiships:cleat":3,"minecraft:egg":3,"iceandfire:dragonscales_green":10,"iceandfire:dragonbone":31,"minecraft:raw_iron":56,"minecraft:sandstone":6,"minecraft:prismarine_crystals":11,"biomeswevegone:blue_enchanted_sapling":4,"minecraft:diamond_chestplate":1,"minecraft:arrow":11,"minecraft:glow_berries":1,"minecraft:mutton":3,"minecraft:white_wool":2,"minecraft:rail":1,"biomeswevegone:white_puffball_spores":3,"minecraft:salmon":1,"minecraft:leather":9,"minecraft:birch_planks":74,"minecraft:oak_log":35,"biomeswevegone:imbued_blue_enchanted_wood":2,"minecraft:blue_bed":3,"biomeswevegone:clover_patch":2,"minecraft:cooked_mutton":11,"minecraft:apple":1,"minecraft:stone_bricks":2,"minecraft:kelp":3,"minecraft:spore_blossom":1,"minecraft:iron_ingot":9,"minecraft:stone_pickaxe":2,"minecraft:cooked_chicken":1,"iceandfire:fire_dragon_flesh":8,"travelersbackpack:blank_upgrade":2,"minecraft:iron_sword":2,"minecraft:scaffolding":6,"iceandfire:chared_stone":13,"alekiships:watercraft_frame_flat":2,"iceandfire:ash":1,"minecraft:dripstone_block":6,"minecraft:gravel":13,"minecraft:white_bed":1,"travelersbackpack:standard":9,"biomeswevegone:aspen_log":3,"minecraft:purple_bed":1,"minecraft:slime_ball":42,"alekiships:watercraft_frame_angled":9,"minecraft:iron_helmet":2,"biomeswevegone:blue_enchanted_log":50,"tombstone:magic_scroll":1,"biomeswevegone:blueberries":14,"minecraft:coal":200,"biomeswevegone:yellow_birch_sapling":20,"minecraft:sunflower":1},"minecraft:broken":{"minecraft:stone_pickaxe":1,"minecraft:stone_axe":1,"minecraft:wooden_axe":1,"minecraft:golden_chestplate":1,"minecraft:stone_sword":2,"minecraft:wooden_pickaxe":1,"minecraft:iron_pickaxe":2}},"DataVersion":3465}